#
# There is insufficient memory for the Java Runtime Environment to continue.
# Native memory allocation (mmap) failed to map 209715200 bytes. Error detail: G1 virtual space
# Possible reasons:
#   The system is out of physical RAM or swap space
#   This process is running with CompressedOops enabled, and the Java Heap may be blocking the growth of the native heap
# Possible solutions:
#   Reduce memory load on the system
#   Increase physical memory or swap space
#   Check if swap backing store is full
#   Decrease Java heap size (-Xmx/-Xms)
#   Decrease number of Java threads
#   Decrease Java thread stack sizes (-Xss)
#   Set larger code cache with -XX:ReservedCodeCacheSize=
#   JVM is running with Zero Based Compressed Oops mode in which the Java heap is
#     placed in the first 32GB address space. The Java Heap base address is the
#     maximum limit for the native heap growth. Please use -XX:HeapBaseMinAddress
#     to set the Java Heap base and to place the Java Heap above 32GB virtual address.
# This output file may be truncated or incomplete.
#
#  Out of Memory Error (os_windows.cpp:3925), pid=20912, tid=1320
#
# JRE version: OpenJDK Runtime Environment (21.0.9) (build 21.0.9+-14649483-b1163.86)
# Java VM: OpenJDK 64-Bit Server VM (21.0.9+-14649483-b1163.86, mixed mode, tiered, compressed oops, compressed class ptrs, g1 gc, windows-amd64)
# No core dump will be written. Minidumps are not enabled by default on client versions of Windows
#

---------------  S U M M A R Y ------------

Command Line: --add-opens=java.base/java.lang=ALL-UNNAMED --add-opens=java.base/java.lang.invoke=ALL-UNNAMED --add-opens=java.base/java.util=ALL-UNNAMED --add-opens=java.prefs/java.util.prefs=ALL-UNNAMED --add-exports=jdk.compiler/com.sun.tools.javac.api=ALL-UNNAMED --add-exports=jdk.compiler/com.sun.tools.javac.util=ALL-UNNAMED --add-opens=java.base/java.util=ALL-UNNAMED --add-opens=java.prefs/java.util.prefs=ALL-UNNAMED --add-opens=java.base/java.nio.charset=ALL-UNNAMED --add-opens=java.base/java.net=ALL-UNNAMED --add-opens=java.base/java.util.concurrent=ALL-UNNAMED --add-opens=java.base/java.util.concurrent.atomic=ALL-UNNAMED --add-opens=java.xml/javax.xml.namespace=ALL-UNNAMED --add-opens=java.base/java.time=ALL-UNNAMED -XX:MaxMetaspaceSize=512m -Xmx4096m -Dfile.encoding=UTF-8 -Duser.country=ID -Duser.language=en -Duser.variant -javaagent:C:\Users\LENOVO\.gradle\wrapper\dists\gradle-9.2.1-bin\2t0n5ozlw9xmuyvbp7dnzaxug\gradle-9.2.1\lib\agents\gradle-instrumentation-agent-9.2.1.jar org.gradle.launcher.daemon.bootstrap.GradleDaemon 9.2.1

Host: AMD Ryzen 3 7320U with Radeon Graphics         , 8 cores, 5G,  Windows 11 , 64 bit Build 26100 (10.0.26100.8328)
Time: Tue Jun  2 23:22:00 2026 Malay Peninsula Standard Time elapsed time: 332.559194 seconds (0d 0h 5m 32s)

---------------  T H R E A D  ---------------

Current thread (0x00000274c0eb05f0):  VMThread "VM Thread"          [id=1320, stack(0x000000d5a7c00000,0x000000d5a7d00000) (1024K)]

Stack: [0x000000d5a7c00000,0x000000d5a7d00000]
Native frames: (J=compiled Java code, j=interpreted, Vv=VM code, C=native code)
V  [jvm.dll+0x6d6c99]
V  [jvm.dll+0x866b83]
V  [jvm.dll+0x86919e]
V  [jvm.dll+0x869883]
V  [jvm.dll+0x280776]
V  [jvm.dll+0x6d3555]
V  [jvm.dll+0x6c6bea]
V  [jvm.dll+0x3587fb]
V  [jvm.dll+0x360476]
V  [jvm.dll+0x3b2646]
V  [jvm.dll+0x3b2918]
V  [jvm.dll+0x32af0c]
V  [jvm.dll+0x32af97]
V  [jvm.dll+0x370e7c]
V  [jvm.dll+0x36f62e]
V  [jvm.dll+0x32a661]
V  [jvm.dll+0x36ed30]
V  [jvm.dll+0x86f608]
V  [jvm.dll+0x870984]
V  [jvm.dll+0x870ec0]
V  [jvm.dll+0x871153]
V  [jvm.dll+0x80f118]
V  [jvm.dll+0x6d54ed]
C  [ucrtbase.dll+0x37b0]
C  [KERNEL32.DLL+0x2e957]
C  [ntdll.dll+0x427c]

VM_Operation (0x000000d5a8dfd290): G1CollectForAllocation, mode: safepoint, requested by thread 0x00000274dddb32d0


---------------  P R O C E S S  ---------------

Threads class SMR info:
_java_thread_list=0x00000274ecd0de30, length=134, elements={
0x00000274c3210e60, 0x00000274dd26b2d0, 0x00000274dd27bd10, 0x00000274dd27f380,
0x00000274dd288550, 0x00000274dd288fb0, 0x00000274dd289a10, 0x00000274dd28a470,
0x00000274dd28df00, 0x00000274dd28edb0, 0x00000274dd5771f0, 0x00000274dd7c1ff0,
0x00000274e2b6acd0, 0x00000274dddb32d0, 0x00000274dd981d00, 0x00000274e25a57a0,
0x00000274e2c9de50, 0x00000274e2c9caa0, 0x00000274e2c9d130, 0x00000274e2c9eb70,
0x00000274e2c9d7c0, 0x00000274e2c9bd80, 0x00000274e2c9e4e0, 0x00000274e2c9c410,
0x00000274e3bdc030, 0x00000274e3bdb9a0, 0x00000274e3bdf4b0, 0x00000274e3bdfb40,
0x00000274e3bdc6c0, 0x00000274e3bde790, 0x00000274e3bdcd50, 0x00000274e3be0860,
0x00000274e3be1c10, 0x00000274e3be22a0, 0x00000274e3be0ef0, 0x00000274e4b8b050,
0x00000274e4b888f0, 0x00000274e4b8a9c0, 0x00000274e4b8a330, 0x00000274e4b89610,
0x00000274e4b8b6e0, 0x00000274e4b8c400, 0x00000274e4b89ca0, 0x00000274e4b8bd70,
0x00000274e4b88f80, 0x00000274e4b8ca90, 0x00000274e4b8f1f0, 0x00000274e4b8f880,
0x00000274e4b8ff10, 0x00000274e4b8d120, 0x00000274e4b8d7b0, 0x00000274e4b8de40,
0x00000274e4b8e4d0, 0x00000274e4b8eb60, 0x00000274e5007260, 0x00000274e50078f0,
0x00000274e5007f80, 0x00000274e5008610, 0x00000274e5006bd0, 0x00000274e5006540,
0x00000274e5005eb0, 0x00000274e500a050, 0x00000274e500ce40, 0x00000274e500ba90,
0x00000274e500c7b0, 0x00000274e5009330, 0x00000274e503a4e0, 0x00000274e5038410,
0x00000274e5039e50, 0x00000274e50397c0, 0x00000274e503ab70, 0x00000274e5038aa0,
0x00000274e503b200, 0x00000274e503b890, 0x00000274e503bf20, 0x00000274e5039130,
0x00000274e503f3a0, 0x00000274e503ed10, 0x00000274e5008ca0, 0x00000274e500b400,
0x00000274e503fa30, 0x00000274e503cc40, 0x00000274e503d2d0, 0x00000274e503d960,
0x00000274e503dff0, 0x00000274e503c5b0, 0x00000274e503e680, 0x00000274e5baac90,
0x00000274e699ae00, 0x00000274e3cde9f0, 0x00000274e3cdfda0, 0x00000274e3cdc920,
0x00000274e3cddcd0, 0x00000274e3ce0430, 0x00000274e3cdcfb0, 0x00000274e3cdd640,
0x00000274e3ce3f40, 0x00000274e3ce1150, 0x00000274ed334540, 0x00000274ed335260,
0x00000274ed335f80, 0x00000274ed336610, 0x00000274ed333eb0, 0x00000274ed339400,
0x00000274ed33a120, 0x00000274e3ce17e0, 0x00000274e3ce2500, 0x00000274e3cdf080,
0x00000274e3ce2b90, 0x00000274e3ce3220, 0x00000274e3ce38b0, 0x00000274ed3358f0,
0x00000274ed339a90, 0x00000274ed338d70, 0x00000274ed336ca0, 0x00000274ed3379c0,
0x00000274ed33a7b0, 0x00000274ed338050, 0x00000274ed337330, 0x00000274e70eaa70,
0x00000274e70e9d50, 0x00000274e70eb790, 0x00000274e70ebe20, 0x00000274e70ec4b0,
0x00000274e70e9030, 0x00000274e70ecb40, 0x00000274e70e96c0, 0x00000274e70ed1d0,
0x00000274e70ed860, 0x00000274e70ea3e0, 0x00000274e70edef0, 0x00000274e70ee580,
0x00000274e70eb100, 0x00000274ecc45a70
}

Java Threads: ( => current thread )
  0x00000274c3210e60 JavaThread "main"                              [_thread_blocked, id=18492, stack(0x000000d5a7500000,0x000000d5a7600000) (1024K)]
  0x00000274dd26b2d0 JavaThread "Common-Cleaner"             daemon [_thread_blocked, id=20296, stack(0x000000d5a7d00000,0x000000d5a7e00000) (1024K)]
  0x00000274dd27bd10 JavaThread "Reference Handler"          daemon [_thread_blocked, id=19468, stack(0x000000d5a7e00000,0x000000d5a7f00000) (1024K)]
  0x00000274dd27f380 JavaThread "Finalizer"                  daemon [_thread_blocked, id=18636, stack(0x000000d5a7f00000,0x000000d5a8000000) (1024K)]
  0x00000274dd288550 JavaThread "Signal Dispatcher"          daemon [_thread_blocked, id=27972, stack(0x000000d5a8000000,0x000000d5a8100000) (1024K)]
  0x00000274dd288fb0 JavaThread "Attach Listener"            daemon [_thread_blocked, id=144, stack(0x000000d5a8100000,0x000000d5a8200000) (1024K)]
  0x00000274dd289a10 JavaThread "Service Thread"             daemon [_thread_blocked, id=12048, stack(0x000000d5a8200000,0x000000d5a8300000) (1024K)]
  0x00000274dd28a470 JavaThread "Monitor Deflation Thread"   daemon [_thread_blocked, id=17252, stack(0x000000d5a8300000,0x000000d5a8400000) (1024K)]
  0x00000274dd28df00 JavaThread "C2 CompilerThread0"         daemon [_thread_blocked, id=22296, stack(0x000000d5a8400000,0x000000d5a8500000) (1024K)]
  0x00000274dd28edb0 JavaThread "C1 CompilerThread0"         daemon [_thread_blocked, id=25788, stack(0x000000d5a8500000,0x000000d5a8600000) (1024K)]
  0x00000274dd5771f0 JavaThread "Notification Thread"        daemon [_thread_blocked, id=7920, stack(0x000000d5a8600000,0x000000d5a8700000) (1024K)]
  0x00000274dd7c1ff0 JavaThread "Daemon health stats"               [_thread_blocked, id=16404, stack(0x000000d5a8b00000,0x000000d5a8c00000) (1024K)]
  0x00000274e2b6acd0 JavaThread "Incoming local TCP Connector on port 49910"        [_thread_in_native, id=20884, stack(0x000000d5a8c00000,0x000000d5a8d00000) (1024K)]
  0x00000274dddb32d0 JavaThread "Daemon periodic checks"            [_thread_blocked, id=10700, stack(0x000000d5a8d00000,0x000000d5a8e00000) (1024K)]
  0x00000274dd981d00 JavaThread "Daemon"                            [_thread_blocked, id=25448, stack(0x000000d5a8e00000,0x000000d5a8f00000) (1024K)]
  0x00000274e25a57a0 JavaThread "Handler for socket connection from /127.0.0.1:49910 to /127.0.0.1:49912"        [_thread_in_native, id=6268, stack(0x000000d5a8f00000,0x000000d5a9000000) (1024K)]
  0x00000274e2c9de50 JavaThread "Cancel handler"                    [_thread_blocked, id=25408, stack(0x000000d5a9000000,0x000000d5a9100000) (1024K)]
  0x00000274e2c9caa0 JavaThread "Daemon worker"                     [_thread_blocked, id=10640, stack(0x000000d5a9100000,0x000000d5a9200000) (1024K)]
  0x00000274e2c9d130 JavaThread "Asynchronous log dispatcher for DefaultDaemonConnection: socket connection from /127.0.0.1:49910 to /127.0.0.1:49912"        [_thread_blocked, id=30208, stack(0x000000d5a9600000,0x000000d5a9700000) (1024K)]
  0x00000274e2c9eb70 JavaThread "Stdin handler"                     [_thread_blocked, id=23096, stack(0x000000d5a9700000,0x000000d5a9800000) (1024K)]
  0x00000274e2c9d7c0 JavaThread "Daemon client event forwarder"        [_thread_blocked, id=23804, stack(0x000000d5a9800000,0x000000d5a9900000) (1024K)]
  0x00000274e2c9bd80 JavaThread "Cache worker for journal cache (C:\Users\LENOVO\.gradle\caches\journal-1)"        [_thread_blocked, id=24568, stack(0x000000d5a9900000,0x000000d5a9a00000) (1024K)]
  0x00000274e2c9e4e0 JavaThread "File lock request listener"        [_thread_in_native, id=28120, stack(0x000000d5a9a00000,0x000000d5a9b00000) (1024K)]
  0x00000274e2c9c410 JavaThread "Cache worker for file hash cache (C:\Users\LENOVO\.gradle\caches\9.2.1\fileHashes)"        [_thread_blocked, id=16584, stack(0x000000d5a9b00000,0x000000d5a9c00000) (1024K)]
  0x00000274e3bdc030 JavaThread "Cache worker for file hash cache (D:\ProjekAkhirPPB\.gradle\9.2.1\fileHashes)"        [_thread_blocked, id=15792, stack(0x000000d5a7400000,0x000000d5a7500000) (1024K)]
  0x00000274e3bdb9a0 JavaThread "Cache worker for Build Output Cleanup Cache (D:\ProjekAkhirPPB\.gradle\buildOutputCleanup)"        [_thread_blocked, id=20164, stack(0x000000d5a9c00000,0x000000d5a9d00000) (1024K)]
  0x00000274e3bdf4b0 JavaThread "File watcher server"        daemon [_thread_blocked, id=17936, stack(0x000000d5a9d00000,0x000000d5a9e00000) (1024K)]
  0x00000274e3bdfb40 JavaThread "File watcher consumer"      daemon [_thread_blocked, id=7172, stack(0x000000d5a9e00000,0x000000d5a9f00000) (1024K)]
  0x00000274e3bdc6c0 JavaThread "Cache worker for checksums cache (D:\ProjekAkhirPPB\.gradle\9.2.1\checksums)"        [_thread_blocked, id=3004, stack(0x000000d5a9f00000,0x000000d5aa000000) (1024K)]
  0x00000274e3bde790 JavaThread "Cache worker for file content cache (C:\Users\LENOVO\.gradle\caches\9.2.1\fileContent)"        [_thread_blocked, id=15272, stack(0x000000d5aa000000,0x000000d5aa100000) (1024K)]
  0x00000274e3bdcd50 JavaThread "Cache worker for cache directory md-supplier (C:\Users\LENOVO\.gradle\caches\9.2.1\md-supplier)"        [_thread_blocked, id=29404, stack(0x000000d5aa100000,0x000000d5aa200000) (1024K)]
  0x00000274e3be0860 JavaThread "Cache worker for cache directory md-rule (C:\Users\LENOVO\.gradle\caches\9.2.1\md-rule)"        [_thread_blocked, id=20456, stack(0x000000d5aa200000,0x000000d5aa300000) (1024K)]
  0x00000274e3be1c10 JavaThread "jar transforms"                    [_thread_blocked, id=20248, stack(0x000000d5aa300000,0x000000d5aa400000) (1024K)]
  0x00000274e3be22a0 JavaThread "jar transforms Thread 2"           [_thread_blocked, id=5872, stack(0x000000d5aa400000,0x000000d5aa500000) (1024K)]
  0x00000274e3be0ef0 JavaThread "jar transforms Thread 3"           [_thread_blocked, id=27812, stack(0x000000d5aa500000,0x000000d5aa600000) (1024K)]
  0x00000274e4b8b050 JavaThread "Unconstrained build operations"        [_thread_blocked, id=6036, stack(0x000000d5aa600000,0x000000d5aa700000) (1024K)]
  0x00000274e4b888f0 JavaThread "Unconstrained build operations Thread 2"        [_thread_blocked, id=17924, stack(0x000000d5aa700000,0x000000d5aa800000) (1024K)]
  0x00000274e4b8a9c0 JavaThread "Unconstrained build operations Thread 3"        [_thread_blocked, id=12180, stack(0x000000d5aa800000,0x000000d5aa900000) (1024K)]
  0x00000274e4b8a330 JavaThread "Unconstrained build operations Thread 4"        [_thread_blocked, id=9384, stack(0x000000d5aa900000,0x000000d5aaa00000) (1024K)]
  0x00000274e4b89610 JavaThread "Unconstrained build operations Thread 5"        [_thread_blocked, id=10024, stack(0x000000d5aaa00000,0x000000d5aab00000) (1024K)]
  0x00000274e4b8b6e0 JavaThread "Unconstrained build operations Thread 6"        [_thread_blocked, id=29588, stack(0x000000d5aab00000,0x000000d5aac00000) (1024K)]
  0x00000274e4b8c400 JavaThread "Unconstrained build operations Thread 7"        [_thread_blocked, id=12020, stack(0x000000d5aac00000,0x000000d5aad00000) (1024K)]
  0x00000274e4b89ca0 JavaThread "Unconstrained build operations Thread 8"        [_thread_blocked, id=13604, stack(0x000000d5aad00000,0x000000d5aae00000) (1024K)]
  0x00000274e4b8bd70 JavaThread "Unconstrained build operations Thread 9"        [_thread_blocked, id=2196, stack(0x000000d5aae00000,0x000000d5aaf00000) (1024K)]
  0x00000274e4b88f80 JavaThread "Unconstrained build operations Thread 10"        [_thread_blocked, id=20208, stack(0x000000d5aaf00000,0x000000d5ab000000) (1024K)]
  0x00000274e4b8ca90 JavaThread "Unconstrained build operations Thread 11"        [_thread_blocked, id=20996, stack(0x000000d5ab000000,0x000000d5ab100000) (1024K)]
  0x00000274e4b8f1f0 JavaThread "Unconstrained build operations Thread 12"        [_thread_blocked, id=17996, stack(0x000000d5ab100000,0x000000d5ab200000) (1024K)]
  0x00000274e4b8f880 JavaThread "Unconstrained build operations Thread 13"        [_thread_blocked, id=17284, stack(0x000000d5ab200000,0x000000d5ab300000) (1024K)]
  0x00000274e4b8ff10 JavaThread "Unconstrained build operations Thread 14"        [_thread_blocked, id=18772, stack(0x000000d5ab300000,0x000000d5ab400000) (1024K)]
  0x00000274e4b8d120 JavaThread "jar transforms Thread 4"           [_thread_blocked, id=4228, stack(0x000000d5ab400000,0x000000d5ab500000) (1024K)]
  0x00000274e4b8d7b0 JavaThread "jar transforms Thread 5"           [_thread_blocked, id=6096, stack(0x000000d5ab500000,0x000000d5ab600000) (1024K)]
  0x00000274e4b8de40 JavaThread "Unconstrained build operations Thread 15"        [_thread_blocked, id=9336, stack(0x000000d5ab600000,0x000000d5ab700000) (1024K)]
  0x00000274e4b8e4d0 JavaThread "Unconstrained build operations Thread 16"        [_thread_blocked, id=13776, stack(0x000000d5ab700000,0x000000d5ab800000) (1024K)]
  0x00000274e4b8eb60 JavaThread "Unconstrained build operations Thread 17"        [_thread_blocked, id=16288, stack(0x000000d5ab800000,0x000000d5ab900000) (1024K)]
  0x00000274e5007260 JavaThread "Unconstrained build operations Thread 18"        [_thread_blocked, id=29980, stack(0x000000d5ab900000,0x000000d5aba00000) (1024K)]
  0x00000274e50078f0 JavaThread "Unconstrained build operations Thread 19"        [_thread_blocked, id=7980, stack(0x000000d5aba00000,0x000000d5abb00000) (1024K)]
  0x00000274e5007f80 JavaThread "Unconstrained build operations Thread 20"        [_thread_blocked, id=29988, stack(0x000000d5abb00000,0x000000d5abc00000) (1024K)]
  0x00000274e5008610 JavaThread "Unconstrained build operations Thread 21"        [_thread_blocked, id=26148, stack(0x000000d5abc00000,0x000000d5abd00000) (1024K)]
  0x00000274e5006bd0 JavaThread "jar transforms Thread 6"           [_thread_blocked, id=13028, stack(0x000000d5a7200000,0x000000d5a7300000) (1024K)]
  0x00000274e5006540 JavaThread "jar transforms Thread 7"           [_thread_blocked, id=30516, stack(0x000000d5a7300000,0x000000d5a7400000) (1024K)]
  0x00000274e5005eb0 JavaThread "jar transforms Thread 8"           [_thread_blocked, id=25236, stack(0x000000d5abd00000,0x000000d5abe00000) (1024K)]
  0x00000274e500a050 JavaThread "Unconstrained build operations Thread 22"        [_thread_blocked, id=2416, stack(0x000000d5abe00000,0x000000d5abf00000) (1024K)]
  0x00000274e500ce40 JavaThread "Unconstrained build operations Thread 23"        [_thread_blocked, id=10132, stack(0x000000d5abf00000,0x000000d5ac000000) (1024K)]
  0x00000274e500ba90 JavaThread "Unconstrained build operations Thread 24"        [_thread_blocked, id=22764, stack(0x000000d5ac000000,0x000000d5ac100000) (1024K)]
  0x00000274e500c7b0 JavaThread "Unconstrained build operations Thread 25"        [_thread_blocked, id=12804, stack(0x000000d5ac100000,0x000000d5ac200000) (1024K)]
  0x00000274e5009330 JavaThread "Unconstrained build operations Thread 26"        [_thread_blocked, id=21696, stack(0x000000d5ac200000,0x000000d5ac300000) (1024K)]
  0x00000274e503a4e0 JavaThread "Unconstrained build operations Thread 27"        [_thread_blocked, id=26240, stack(0x000000d5ac300000,0x000000d5ac400000) (1024K)]
  0x00000274e5038410 JavaThread "Unconstrained build operations Thread 28"        [_thread_blocked, id=11296, stack(0x000000d5ac400000,0x000000d5ac500000) (1024K)]
  0x00000274e5039e50 JavaThread "Unconstrained build operations Thread 29"        [_thread_blocked, id=23484, stack(0x000000d5ac500000,0x000000d5ac600000) (1024K)]
  0x00000274e50397c0 JavaThread "Unconstrained build operations Thread 30"        [_thread_blocked, id=22876, stack(0x000000d5ac600000,0x000000d5ac700000) (1024K)]
  0x00000274e503ab70 JavaThread "Unconstrained build operations Thread 31"        [_thread_blocked, id=3600, stack(0x000000d5ac700000,0x000000d5ac800000) (1024K)]
  0x00000274e5038aa0 JavaThread "Unconstrained build operations Thread 32"        [_thread_blocked, id=22812, stack(0x000000d5ac800000,0x000000d5ac900000) (1024K)]
  0x00000274e503b200 JavaThread "Unconstrained build operations Thread 33"        [_thread_blocked, id=12292, stack(0x000000d5ac900000,0x000000d5aca00000) (1024K)]
  0x00000274e503b890 JavaThread "Unconstrained build operations Thread 34"        [_thread_blocked, id=26744, stack(0x000000d5aca00000,0x000000d5acb00000) (1024K)]
  0x00000274e503bf20 JavaThread "Unconstrained build operations Thread 35"        [_thread_blocked, id=7248, stack(0x000000d5acb00000,0x000000d5acc00000) (1024K)]
  0x00000274e5039130 JavaThread "Unconstrained build operations Thread 36"        [_thread_blocked, id=8308, stack(0x000000d5acc00000,0x000000d5acd00000) (1024K)]
  0x00000274e503f3a0 JavaThread "Unconstrained build operations Thread 37"        [_thread_blocked, id=28592, stack(0x000000d5acd00000,0x000000d5ace00000) (1024K)]
  0x00000274e503ed10 JavaThread "Unconstrained build operations Thread 38"        [_thread_blocked, id=6884, stack(0x000000d5ace00000,0x000000d5acf00000) (1024K)]
  0x00000274e5008ca0 JavaThread "Unconstrained build operations Thread 39"        [_thread_blocked, id=27300, stack(0x000000d5acf00000,0x000000d5ad000000) (1024K)]
  0x00000274e500b400 JavaThread "Unconstrained build operations Thread 40"        [_thread_blocked, id=11120, stack(0x000000d5ad000000,0x000000d5ad100000) (1024K)]
  0x00000274e503fa30 JavaThread "Unconstrained build operations Thread 41"        [_thread_blocked, id=29496, stack(0x000000d5ad100000,0x000000d5ad200000) (1024K)]
  0x00000274e503cc40 JavaThread "Unconstrained build operations Thread 42"        [_thread_blocked, id=8904, stack(0x000000d5ad200000,0x000000d5ad300000) (1024K)]
  0x00000274e503d2d0 JavaThread "Unconstrained build operations Thread 43"        [_thread_blocked, id=2848, stack(0x000000d5ad300000,0x000000d5ad400000) (1024K)]
  0x00000274e503d960 JavaThread "Unconstrained build operations Thread 44"        [_thread_blocked, id=1440, stack(0x000000d5ad400000,0x000000d5ad500000) (1024K)]
  0x00000274e503dff0 JavaThread "Unconstrained build operations Thread 45"        [_thread_blocked, id=19984, stack(0x000000d5ad500000,0x000000d5ad600000) (1024K)]
  0x00000274e503c5b0 JavaThread "Problems report writer"            [_thread_blocked, id=28108, stack(0x000000d5ad600000,0x000000d5ad700000) (1024K)]
  0x00000274e503e680 JavaThread "build event listener"              [_thread_blocked, id=14612, stack(0x000000d5ad700000,0x000000d5ad800000) (1024K)]
  0x00000274e5baac90 JavaThread "Memory manager"                    [_thread_blocked, id=23516, stack(0x000000d5ad800000,0x000000d5ad900000) (1024K)]
  0x00000274e699ae00 JavaThread "build event listener"              [_thread_blocked, id=7900, stack(0x000000d5ad900000,0x000000d5ada00000) (1024K)]
  0x00000274e3cde9f0 JavaThread "included builds"                   [_thread_blocked, id=10580, stack(0x000000d5adb00000,0x000000d5adc00000) (1024K)]
  0x00000274e3cdfda0 JavaThread "Execution worker"                  [_thread_blocked, id=12300, stack(0x000000d5adc00000,0x000000d5add00000) (1024K)]
  0x00000274e3cdc920 JavaThread "Execution worker Thread 2"         [_thread_blocked, id=26764, stack(0x000000d5add00000,0x000000d5ade00000) (1024K)]
  0x00000274e3cddcd0 JavaThread "Execution worker Thread 3"         [_thread_blocked, id=5936, stack(0x000000d5ade00000,0x000000d5adf00000) (1024K)]
  0x00000274e3ce0430 JavaThread "Execution worker Thread 4"         [_thread_blocked, id=1088, stack(0x000000d5adf00000,0x000000d5ae000000) (1024K)]
  0x00000274e3cdcfb0 JavaThread "Execution worker Thread 5"         [_thread_blocked, id=29916, stack(0x000000d5ae000000,0x000000d5ae100000) (1024K)]
  0x00000274e3cdd640 JavaThread "Execution worker Thread 6"         [_thread_blocked, id=22036, stack(0x000000d5ae100000,0x000000d5ae200000) (1024K)]
  0x00000274e3ce3f40 JavaThread "Execution worker Thread 7"         [_thread_blocked, id=11940, stack(0x000000d5ae200000,0x000000d5ae300000) (1024K)]
  0x00000274e3ce1150 JavaThread "Cache worker for execution history cache (D:\ProjekAkhirPPB\.gradle\9.2.1\executionHistory)"        [_thread_blocked, id=1376, stack(0x000000d5ae300000,0x000000d5ae400000) (1024K)]
  0x00000274ed334540 JavaThread "Unconstrained build operations Thread 46"        [_thread_blocked, id=28812, stack(0x000000d5ae400000,0x000000d5ae500000) (1024K)]
  0x00000274ed335260 JavaThread "Unconstrained build operations Thread 47"        [_thread_blocked, id=4308, stack(0x000000d5ae500000,0x000000d5ae600000) (1024K)]
  0x00000274ed335f80 JavaThread "Unconstrained build operations Thread 48"        [_thread_blocked, id=11068, stack(0x000000d5ae600000,0x000000d5ae700000) (1024K)]
  0x00000274ed336610 JavaThread "Unconstrained build operations Thread 49"        [_thread_blocked, id=13840, stack(0x000000d5ae700000,0x000000d5ae800000) (1024K)]
  0x00000274ed333eb0 JavaThread "Unconstrained build operations Thread 50"        [_thread_blocked, id=30020, stack(0x000000d5ae800000,0x000000d5ae900000) (1024K)]
  0x00000274ed339400 JavaThread "Unconstrained build operations Thread 51"        [_thread_blocked, id=27328, stack(0x000000d5ae900000,0x000000d5aea00000) (1024K)]
  0x00000274ed33a120 JavaThread "Unconstrained build operations Thread 52"        [_thread_blocked, id=12332, stack(0x000000d5aea00000,0x000000d5aeb00000) (1024K)]
  0x00000274e3ce17e0 JavaThread "Unconstrained build operations Thread 53"        [_thread_blocked, id=25084, stack(0x000000d5aeb00000,0x000000d5aec00000) (1024K)]
  0x00000274e3ce2500 JavaThread "Unconstrained build operations Thread 54"        [_thread_blocked, id=28164, stack(0x000000d5aec00000,0x000000d5aed00000) (1024K)]
  0x00000274e3cdf080 JavaThread "Unconstrained build operations Thread 55"        [_thread_blocked, id=22496, stack(0x000000d5aed00000,0x000000d5aee00000) (1024K)]
  0x00000274e3ce2b90 JavaThread "Unconstrained build operations Thread 56"        [_thread_blocked, id=4948, stack(0x000000d5aee00000,0x000000d5aef00000) (1024K)]
  0x00000274e3ce3220 JavaThread "Unconstrained build operations Thread 57"        [_thread_blocked, id=21096, stack(0x000000d5aef00000,0x000000d5af000000) (1024K)]
  0x00000274e3ce38b0 JavaThread "Unconstrained build operations Thread 58"        [_thread_blocked, id=29392, stack(0x000000d5af000000,0x000000d5af100000) (1024K)]
  0x00000274ed3358f0 JavaThread "Unconstrained build operations Thread 59"        [_thread_blocked, id=29380, stack(0x000000d5af100000,0x000000d5af200000) (1024K)]
  0x00000274ed339a90 JavaThread "Unconstrained build operations Thread 60"        [_thread_blocked, id=10952, stack(0x000000d5af200000,0x000000d5af300000) (1024K)]
  0x00000274ed338d70 JavaThread "Unconstrained build operations Thread 61"        [_thread_blocked, id=8092, stack(0x000000d5af300000,0x000000d5af400000) (1024K)]
  0x00000274ed336ca0 JavaThread "Unconstrained build operations Thread 62"        [_thread_blocked, id=22952, stack(0x000000d5af400000,0x000000d5af500000) (1024K)]
  0x00000274ed3379c0 JavaThread "Unconstrained build operations Thread 63"        [_thread_blocked, id=17580, stack(0x000000d5af500000,0x000000d5af600000) (1024K)]
  0x00000274ed33a7b0 JavaThread "Unconstrained build operations Thread 64"        [_thread_blocked, id=7132, stack(0x000000d5af600000,0x000000d5af700000) (1024K)]
  0x00000274ed338050 JavaThread "Unconstrained build operations Thread 65"        [_thread_blocked, id=12344, stack(0x000000d5af700000,0x000000d5af800000) (1024K)]
  0x00000274ed337330 JavaThread "Unconstrained build operations Thread 66"        [_thread_blocked, id=18024, stack(0x000000d5af800000,0x000000d5af900000) (1024K)]
  0x00000274e70eaa70 JavaThread "Unconstrained build operations Thread 67"        [_thread_blocked, id=17312, stack(0x000000d5af900000,0x000000d5afa00000) (1024K)]
  0x00000274e70e9d50 JavaThread "Unconstrained build operations Thread 68"        [_thread_blocked, id=13248, stack(0x000000d5afa00000,0x000000d5afb00000) (1024K)]
  0x00000274e70eb790 JavaThread "Unconstrained build operations Thread 69"        [_thread_blocked, id=6292, stack(0x000000d5afb00000,0x000000d5afc00000) (1024K)]
  0x00000274e70ebe20 JavaThread "Unconstrained build operations Thread 70"        [_thread_blocked, id=11256, stack(0x000000d5afc00000,0x000000d5afd00000) (1024K)]
  0x00000274e70ec4b0 JavaThread "Unconstrained build operations Thread 71"        [_thread_blocked, id=312, stack(0x000000d5afd00000,0x000000d5afe00000) (1024K)]
  0x00000274e70e9030 JavaThread "Unconstrained build operations Thread 72"        [_thread_blocked, id=20384, stack(0x000000d5afe00000,0x000000d5aff00000) (1024K)]
  0x00000274e70ecb40 JavaThread "Unconstrained build operations Thread 73"        [_thread_blocked, id=17764, stack(0x000000d5aff00000,0x000000d5b0000000) (1024K)]
  0x00000274e70e96c0 JavaThread "Unconstrained build operations Thread 74"        [_thread_blocked, id=14668, stack(0x000000d5b0000000,0x000000d5b0100000) (1024K)]
  0x00000274e70ed1d0 JavaThread "Unconstrained build operations Thread 75"        [_thread_blocked, id=15008, stack(0x000000d5b0100000,0x000000d5b0200000) (1024K)]
  0x00000274e70ed860 JavaThread "Unconstrained build operations Thread 76"        [_thread_blocked, id=928, stack(0x000000d5b0200000,0x000000d5b0300000) (1024K)]
  0x00000274e70ea3e0 JavaThread "Unconstrained build operations Thread 77"        [_thread_blocked, id=12164, stack(0x000000d5b0300000,0x000000d5b0400000) (1024K)]
  0x00000274e70edef0 JavaThread "Unconstrained build operations Thread 78"        [_thread_blocked, id=13024, stack(0x000000d5b0400000,0x000000d5b0500000) (1024K)]
  0x00000274e70ee580 JavaThread "Unconstrained build operations Thread 79"        [_thread_blocked, id=10896, stack(0x000000d5b0500000,0x000000d5b0600000) (1024K)]
  0x00000274e70eb100 JavaThread "Unconstrained build operations Thread 80"        [_thread_blocked, id=17192, stack(0x000000d5b0600000,0x000000d5b0700000) (1024K)]
  0x00000274ecc45a70 JavaThread "WorkerExecutor Queue"              [_thread_blocked, id=27144, stack(0x000000d5b0900000,0x000000d5b0a00000) (1024K)]
Total: 134

Other Threads:
=>0x00000274c0eb05f0 VMThread "VM Thread"                           [id=1320, stack(0x000000d5a7c00000,0x000000d5a7d00000) (1024K)]
  0x00000274dd05efa0 WatcherThread "VM Periodic Task Thread"        [id=29052, stack(0x000000d5a7b00000,0x000000d5a7c00000) (1024K)]
  0x00000274c0eaf030 WorkerThread "GC Thread#0"                     [id=19224, stack(0x000000d5a7600000,0x000000d5a7700000) (1024K)]
  0x00000274c0eafb10 WorkerThread "GC Thread#1"                     [id=6716, stack(0x000000d5a8700000,0x000000d5a8800000) (1024K)]
  0x00000274c0eb0990 WorkerThread "GC Thread#2"                     [id=21080, stack(0x000000d5a8800000,0x000000d5a8900000) (1024K)]
  0x00000274c0eaf3d0 WorkerThread "GC Thread#3"                     [id=25652, stack(0x000000d5a8900000,0x000000d5a8a00000) (1024K)]
  0x00000274e242f860 WorkerThread "GC Thread#4"                     [id=27132, stack(0x000000d5a8a00000,0x000000d5a8b00000) (1024K)]
  0x00000274e2430a80 WorkerThread "GC Thread#5"                     [id=1300, stack(0x000000d5a9200000,0x000000d5a9300000) (1024K)]
  0x00000274e242fc00 WorkerThread "GC Thread#6"                     [id=13444, stack(0x000000d5a9300000,0x000000d5a9400000) (1024K)]
  0x00000274e242d420 WorkerThread "GC Thread#7"                     [id=4788, stack(0x000000d5a9400000,0x000000d5a9500000) (1024K)]
  0x00000274c328a760 ConcurrentGCThread "G1 Main Marker"            [id=23560, stack(0x000000d5a7700000,0x000000d5a7800000) (1024K)]
  0x00000274c0eafeb0 WorkerThread "G1 Conc#0"                       [id=29492, stack(0x000000d5a7800000,0x000000d5a7900000) (1024K)]
  0x00000274e242e9e0 WorkerThread "G1 Conc#1"                       [id=21776, stack(0x000000d5a9500000,0x000000d5a9600000) (1024K)]
  0x00000274dcf324b0 ConcurrentGCThread "G1 Refine#0"               [id=23368, stack(0x000000d5a7900000,0x000000d5a7a00000) (1024K)]
  0x00000274dcf32cd0 ConcurrentGCThread "G1 Service"                [id=28364, stack(0x000000d5a7a00000,0x000000d5a7b00000) (1024K)]
Total: 15

Threads with active compile tasks:
Total: 0

VM state: at safepoint (normal execution)

VM Mutex/Monitor currently owned by a thread:  ([mutex/lock_event])
[0x00007ff9f0198690] Threads_lock - owner thread: 0x00000274c0eb05f0
[0x00007ff9f0198790] Heap_lock - owner thread: 0x00000274dddb32d0

Heap address: 0x0000000700000000, size: 4096 MB, Compressed Oops mode: Zero based, Oop shift amount: 3

CDS archive(s) not mapped
Compressed class space mapped at: 0x0000000800000000-0x000000081a000000, reserved size: 436207616
Narrow klass base: 0x0000000800000000, Narrow klass shift: 0, Narrow klass range: 0x1a000000

GC Precious Log:
 CardTable entry size: 512
 Card Set container configuration: InlinePtr #cards 4 size 8 Array Of Cards #cards 16 size 48 Howl #buckets 8 coarsen threshold 3686 Howl Bitmap #cards 512 size 80 coarsen threshold 460 Card regions per heap region 1 cards per card region 4096
 CPUs: 8 total, 8 available
 Memory: 5877M
 Large Page Support: Disabled
 NUMA Support: Disabled
 Compressed Oops: Enabled (Zero based)
 Heap Region Size: 2M
 Heap Min Capacity: 8M
 Heap Initial Capacity: 92M
 Heap Max Capacity: 4G
 Pre-touch: Disabled
 Parallel Workers: 8
 Concurrent Workers: 2
 Concurrent Refinement Workers: 8
 Periodic GC: Disabled

Heap:
 garbage-first heap   total 460800K, used 163972K [0x0000000700000000, 0x0000000800000000)
  region size 2048K, 2 young (4096K), 2 survivors (4096K)
 Metaspace       used 125643K, committed 128000K, reserved 557056K
  class space    used 17827K, committed 18944K, reserved 425984K

Heap Regions: E=young(eden), S=young(survivor), O=old, HS=humongous(starts), HC=humongous(continues), CS=collection set, F=free, TAMS=top-at-mark-start, PB=parsable bottom
|   0|0x0000000700000000, 0x0000000700200000, 0x0000000700200000|100%|HS|  |TAMS 0x0000000700200000| PB 0x0000000700000000| Complete 
|   1|0x0000000700200000, 0x0000000700400000, 0x0000000700400000|100%|HC|  |TAMS 0x0000000700400000| PB 0x0000000700200000| Complete 
|   2|0x0000000700400000, 0x0000000700600000, 0x0000000700600000|100%| O|  |TAMS 0x0000000700600000| PB 0x0000000700400000| Untracked 
|   3|0x0000000700600000, 0x0000000700800000, 0x0000000700800000|100%| O|  |TAMS 0x0000000700800000| PB 0x0000000700600000| Untracked 
|   4|0x0000000700800000, 0x0000000700a00000, 0x0000000700a00000|100%| O|  |TAMS 0x0000000700a00000| PB 0x0000000700800000| Untracked 
|   5|0x0000000700a00000, 0x0000000700c00000, 0x0000000700c00000|100%| O|  |TAMS 0x0000000700c00000| PB 0x0000000700a00000| Untracked 
|   6|0x0000000700c00000, 0x0000000700e00000, 0x0000000700e00000|100%| O|  |TAMS 0x0000000700e00000| PB 0x0000000700c00000| Untracked 
|   7|0x0000000700e00000, 0x0000000701000000, 0x0000000701000000|100%| O|  |TAMS 0x0000000701000000| PB 0x0000000700e00000| Untracked 
|   8|0x0000000701000000, 0x0000000701200000, 0x0000000701200000|100%| O|  |TAMS 0x0000000701200000| PB 0x0000000701000000| Untracked 
|   9|0x0000000701200000, 0x0000000701400000, 0x0000000701400000|100%| O|  |TAMS 0x0000000701400000| PB 0x0000000701200000| Untracked 
|  10|0x0000000701400000, 0x0000000701600000, 0x0000000701600000|100%| O|  |TAMS 0x0000000701600000| PB 0x0000000701400000| Untracked 
|  11|0x0000000701600000, 0x0000000701800000, 0x0000000701800000|100%| O|  |TAMS 0x0000000701800000| PB 0x0000000701600000| Untracked 
|  12|0x0000000701800000, 0x0000000701a00000, 0x0000000701a00000|100%| O|  |TAMS 0x0000000701a00000| PB 0x0000000701800000| Untracked 
|  13|0x0000000701a00000, 0x0000000701c00000, 0x0000000701c00000|100%|HS|  |TAMS 0x0000000701c00000| PB 0x0000000701a00000| Complete 
|  14|0x0000000701c00000, 0x0000000701e00000, 0x0000000701e00000|100%| O|  |TAMS 0x0000000701e00000| PB 0x0000000701c00000| Untracked 
|  15|0x0000000701e00000, 0x0000000702000000, 0x0000000702000000|100%| O|  |TAMS 0x0000000702000000| PB 0x0000000701e00000| Untracked 
|  16|0x0000000702000000, 0x0000000702200000, 0x0000000702200000|100%| O|  |TAMS 0x0000000702200000| PB 0x0000000702000000| Untracked 
|  17|0x0000000702200000, 0x0000000702400000, 0x0000000702400000|100%| O|  |TAMS 0x0000000702400000| PB 0x0000000702200000| Untracked 
|  18|0x0000000702400000, 0x0000000702600000, 0x0000000702600000|100%| O|  |TAMS 0x0000000702600000| PB 0x0000000702400000| Untracked 
|  19|0x0000000702600000, 0x0000000702800000, 0x0000000702800000|100%| O|  |TAMS 0x0000000702800000| PB 0x0000000702600000| Untracked 
|  20|0x0000000702800000, 0x0000000702a00000, 0x0000000702a00000|100%| O|  |TAMS 0x0000000702a00000| PB 0x0000000702800000| Untracked 
|  21|0x0000000702a00000, 0x0000000702c00000, 0x0000000702c00000|100%| O|  |TAMS 0x0000000702c00000| PB 0x0000000702a00000| Untracked 
|  22|0x0000000702c00000, 0x0000000702e00000, 0x0000000702e00000|100%|HS|  |TAMS 0x0000000702e00000| PB 0x0000000702c00000| Complete 
|  23|0x0000000702e00000, 0x0000000703000000, 0x0000000703000000|100%| O|  |TAMS 0x0000000703000000| PB 0x0000000702e00000| Untracked 
|  24|0x0000000703000000, 0x0000000703200000, 0x0000000703200000|100%| O|  |TAMS 0x0000000703200000| PB 0x0000000703000000| Untracked 
|  25|0x0000000703200000, 0x0000000703400000, 0x0000000703400000|100%| O|  |TAMS 0x0000000703400000| PB 0x0000000703200000| Untracked 
|  26|0x0000000703400000, 0x0000000703600000, 0x0000000703600000|100%| O|  |TAMS 0x00000007035fb5c0| PB 0x0000000703400000| Untracked 
|  27|0x0000000703600000, 0x0000000703800000, 0x0000000703800000|100%| O|  |TAMS 0x0000000703600000| PB 0x0000000703600000| Untracked 
|  28|0x0000000703800000, 0x0000000703a00000, 0x0000000703a00000|100%| O|  |TAMS 0x0000000703a00000| PB 0x0000000703800000| Untracked 
|  29|0x0000000703a00000, 0x0000000703c00000, 0x0000000703c00000|100%| O|  |TAMS 0x0000000703c00000| PB 0x0000000703a00000| Untracked 
|  30|0x0000000703c00000, 0x0000000703e00000, 0x0000000703e00000|100%|HS|  |TAMS 0x0000000703e00000| PB 0x0000000703c00000| Complete 
|  31|0x0000000703e00000, 0x0000000704000000, 0x0000000704000000|100%|HS|  |TAMS 0x0000000704000000| PB 0x0000000703e00000| Complete 
|  32|0x0000000704000000, 0x0000000704200000, 0x0000000704200000|100%|HC|  |TAMS 0x0000000704200000| PB 0x0000000704000000| Complete 
|  33|0x0000000704200000, 0x0000000704400000, 0x0000000704400000|100%| O|  |TAMS 0x0000000704400000| PB 0x0000000704200000| Untracked 
|  34|0x0000000704400000, 0x0000000704600000, 0x0000000704600000|100%| O|  |TAMS 0x0000000704600000| PB 0x0000000704400000| Untracked 
|  35|0x0000000704600000, 0x0000000704800000, 0x0000000704800000|100%| O|  |TAMS 0x0000000704800000| PB 0x0000000704600000| Untracked 
|  36|0x0000000704800000, 0x0000000704a00000, 0x0000000704a00000|100%| O|  |TAMS 0x0000000704800000| PB 0x0000000704800000| Untracked 
|  37|0x0000000704a00000, 0x0000000704c00000, 0x0000000704c00000|100%|HS|  |TAMS 0x0000000704c00000| PB 0x0000000704a00000| Complete 
|  38|0x0000000704c00000, 0x0000000704e00000, 0x0000000704e00000|100%|HC|  |TAMS 0x0000000704e00000| PB 0x0000000704c00000| Complete 
|  39|0x0000000704e00000, 0x0000000705000000, 0x0000000705000000|100%| O|  |TAMS 0x0000000705000000| PB 0x0000000704e00000| Untracked 
|  40|0x0000000705000000, 0x0000000705200000, 0x0000000705200000|100%| O|  |TAMS 0x0000000705200000| PB 0x0000000705000000| Untracked 
|  41|0x0000000705200000, 0x0000000705400000, 0x0000000705400000|100%| O|  |TAMS 0x0000000705400000| PB 0x0000000705200000| Untracked 
|  42|0x0000000705400000, 0x0000000705600000, 0x0000000705600000|100%| O|  |TAMS 0x0000000705600000| PB 0x0000000705400000| Untracked 
|  43|0x0000000705600000, 0x0000000705800000, 0x0000000705800000|100%| O|  |TAMS 0x0000000705800000| PB 0x0000000705600000| Untracked 
|  44|0x0000000705800000, 0x0000000705a00000, 0x0000000705a00000|100%| O|  |TAMS 0x0000000705a00000| PB 0x0000000705800000| Untracked 
|  45|0x0000000705a00000, 0x0000000705c00000, 0x0000000705c00000|100%| O|  |TAMS 0x0000000705c00000| PB 0x0000000705a00000| Untracked 
|  46|0x0000000705c00000, 0x0000000705e00000, 0x0000000705e00000|100%| O|  |TAMS 0x0000000705e00000| PB 0x0000000705c00000| Untracked 
|  47|0x0000000705e00000, 0x0000000706000000, 0x0000000706000000|100%| O|  |TAMS 0x0000000706000000| PB 0x0000000705e00000| Untracked 
|  48|0x0000000706000000, 0x0000000706200000, 0x0000000706200000|100%| O|  |TAMS 0x0000000706200000| PB 0x0000000706000000| Untracked 
|  49|0x0000000706200000, 0x0000000706400000, 0x0000000706400000|100%| O|  |TAMS 0x0000000706400000| PB 0x0000000706200000| Untracked 
|  50|0x0000000706400000, 0x0000000706600000, 0x0000000706600000|100%| O|  |TAMS 0x0000000706600000| PB 0x0000000706400000| Untracked 
|  51|0x0000000706600000, 0x0000000706800000, 0x0000000706800000|100%| O|  |TAMS 0x0000000706800000| PB 0x0000000706600000| Untracked 
|  52|0x0000000706800000, 0x0000000706a00000, 0x0000000706a00000|100%| O|  |TAMS 0x0000000706a00000| PB 0x0000000706800000| Untracked 
|  53|0x0000000706a00000, 0x0000000706c00000, 0x0000000706c00000|100%| O|  |TAMS 0x0000000706c00000| PB 0x0000000706a00000| Untracked 
|  54|0x0000000706c00000, 0x0000000706e00000, 0x0000000706e00000|100%| O|  |TAMS 0x0000000706e00000| PB 0x0000000706c00000| Untracked 
|  55|0x0000000706e00000, 0x0000000707000000, 0x0000000707000000|100%| O|  |TAMS 0x0000000707000000| PB 0x0000000706e00000| Untracked 
|  56|0x0000000707000000, 0x0000000707200000, 0x0000000707200000|100%| O|  |TAMS 0x0000000707200000| PB 0x0000000707000000| Untracked 
|  57|0x0000000707200000, 0x0000000707400000, 0x0000000707400000|100%| O|  |TAMS 0x0000000707400000| PB 0x0000000707200000| Untracked 
|  58|0x0000000707400000, 0x0000000707600000, 0x0000000707600000|100%| O|  |TAMS 0x0000000707400000| PB 0x0000000707400000| Untracked 
|  59|0x0000000707600000, 0x0000000707800000, 0x0000000707800000|100%| O|  |TAMS 0x0000000707800000| PB 0x0000000707600000| Untracked 
|  60|0x0000000707800000, 0x0000000707a00000, 0x0000000707a00000|100%| O|  |TAMS 0x0000000707a00000| PB 0x0000000707800000| Untracked 
|  61|0x0000000707a00000, 0x0000000707c00000, 0x0000000707c00000|100%| O|  |TAMS 0x0000000707a00000| PB 0x0000000707a00000| Untracked 
|  62|0x0000000707c00000, 0x0000000707e00000, 0x0000000707e00000|100%| O|  |TAMS 0x0000000707c00000| PB 0x0000000707c00000| Untracked 
|  63|0x0000000707e00000, 0x0000000708000000, 0x0000000708000000|100%| O|  |TAMS 0x0000000707e00000| PB 0x0000000707e00000| Untracked 
|  64|0x0000000708000000, 0x0000000708200000, 0x0000000708200000|100%| O|  |TAMS 0x0000000708000000| PB 0x0000000708000000| Untracked 
|  65|0x0000000708200000, 0x0000000708400000, 0x0000000708400000|100%| O|  |TAMS 0x0000000708200000| PB 0x0000000708200000| Untracked 
|  66|0x0000000708400000, 0x0000000708600000, 0x0000000708600000|100%| O|  |TAMS 0x0000000708400000| PB 0x0000000708400000| Untracked 
|  67|0x0000000708600000, 0x0000000708800000, 0x0000000708800000|100%| O|  |TAMS 0x0000000708600000| PB 0x0000000708600000| Untracked 
|  68|0x0000000708800000, 0x0000000708a00000, 0x0000000708a00000|100%| O|  |TAMS 0x0000000708800000| PB 0x0000000708800000| Untracked 
|  69|0x0000000708a00000, 0x0000000708a00000, 0x0000000708c00000|  0%| F|  |TAMS 0x0000000708a00000| PB 0x0000000708a00000| Untracked 
|  70|0x0000000708c00000, 0x0000000708c00000, 0x0000000708e00000|  0%| F|  |TAMS 0x0000000708c00000| PB 0x0000000708c00000| Untracked 
|  71|0x0000000708e00000, 0x0000000708e00000, 0x0000000709000000|  0%| F|  |TAMS 0x0000000708e00000| PB 0x0000000708e00000| Untracked 
|  72|0x0000000709000000, 0x0000000709000000, 0x0000000709200000|  0%| F|  |TAMS 0x0000000709000000| PB 0x0000000709000000| Untracked 
|  73|0x0000000709200000, 0x0000000709200000, 0x0000000709400000|  0%| F|  |TAMS 0x0000000709200000| PB 0x0000000709200000| Untracked 
|  74|0x0000000709400000, 0x0000000709400000, 0x0000000709600000|  0%| F|  |TAMS 0x0000000709400000| PB 0x0000000709400000| Untracked 
|  75|0x0000000709600000, 0x0000000709600000, 0x0000000709800000|  0%| F|  |TAMS 0x0000000709600000| PB 0x0000000709600000| Untracked 
|  76|0x0000000709800000, 0x0000000709a00000, 0x0000000709a00000|100%| O|  |TAMS 0x0000000709800000| PB 0x0000000709800000| Untracked 
|  77|0x0000000709a00000, 0x0000000709a00000, 0x0000000709c00000|  0%| F|  |TAMS 0x0000000709a00000| PB 0x0000000709a00000| Untracked 
|  78|0x0000000709c00000, 0x0000000709c00000, 0x0000000709e00000|  0%| F|  |TAMS 0x0000000709c00000| PB 0x0000000709c00000| Untracked 
|  79|0x0000000709e00000, 0x0000000709e00000, 0x000000070a000000|  0%| F|  |TAMS 0x0000000709e00000| PB 0x0000000709e00000| Untracked 
|  80|0x000000070a000000, 0x000000070a000000, 0x000000070a200000|  0%| F|  |TAMS 0x000000070a000000| PB 0x000000070a000000| Untracked 
|  81|0x000000070a200000, 0x000000070a200000, 0x000000070a400000|  0%| F|  |TAMS 0x000000070a200000| PB 0x000000070a200000| Untracked 
|  82|0x000000070a400000, 0x000000070a600000, 0x000000070a600000|100%| O|  |TAMS 0x000000070a400000| PB 0x000000070a400000| Untracked 
|  83|0x000000070a600000, 0x000000070a800000, 0x000000070a800000|100%| O|  |TAMS 0x000000070a600000| PB 0x000000070a600000| Untracked 
|  84|0x000000070a800000, 0x000000070aa00000, 0x000000070aa00000|100%| O|  |TAMS 0x000000070a800000| PB 0x000000070a800000| Untracked 
|  85|0x000000070aa00000, 0x000000070aadac00, 0x000000070ac00000| 42%| O|  |TAMS 0x000000070aa00000| PB 0x000000070aa00000| Untracked 
|  86|0x000000070ac00000, 0x000000070ac00000, 0x000000070ae00000|  0%| F|  |TAMS 0x000000070ac00000| PB 0x000000070ac00000| Untracked 
|  87|0x000000070ae00000, 0x000000070ae00000, 0x000000070b000000|  0%| F|  |TAMS 0x000000070ae00000| PB 0x000000070ae00000| Untracked 
|  88|0x000000070b000000, 0x000000070b000000, 0x000000070b200000|  0%| F|  |TAMS 0x000000070b000000| PB 0x000000070b000000| Untracked 
|  89|0x000000070b200000, 0x000000070b200000, 0x000000070b400000|  0%| F|  |TAMS 0x000000070b200000| PB 0x000000070b200000| Untracked 
|  90|0x000000070b400000, 0x000000070b400000, 0x000000070b600000|  0%| F|  |TAMS 0x000000070b400000| PB 0x000000070b400000| Untracked 
|  91|0x000000070b600000, 0x000000070b600000, 0x000000070b800000|  0%| F|  |TAMS 0x000000070b600000| PB 0x000000070b600000| Untracked 
|  92|0x000000070b800000, 0x000000070b800000, 0x000000070ba00000|  0%| F|  |TAMS 0x000000070b800000| PB 0x000000070b800000| Untracked 
|  93|0x000000070ba00000, 0x000000070ba00000, 0x000000070bc00000|  0%| F|  |TAMS 0x000000070ba00000| PB 0x000000070ba00000| Untracked 
|  94|0x000000070bc00000, 0x000000070bc00000, 0x000000070be00000|  0%| F|  |TAMS 0x000000070bc00000| PB 0x000000070bc00000| Untracked 
|  95|0x000000070be00000, 0x000000070be00000, 0x000000070c000000|  0%| F|  |TAMS 0x000000070be00000| PB 0x000000070be00000| Untracked 
|  96|0x000000070c000000, 0x000000070c000000, 0x000000070c200000|  0%| F|  |TAMS 0x000000070c000000| PB 0x000000070c000000| Untracked 
|  97|0x000000070c200000, 0x000000070c200000, 0x000000070c400000|  0%| F|  |TAMS 0x000000070c200000| PB 0x000000070c200000| Untracked 
|  98|0x000000070c400000, 0x000000070c400000, 0x000000070c600000|  0%| F|  |TAMS 0x000000070c400000| PB 0x000000070c400000| Untracked 
|  99|0x000000070c600000, 0x000000070c600000, 0x000000070c800000|  0%| F|  |TAMS 0x000000070c600000| PB 0x000000070c600000| Untracked 
| 100|0x000000070c800000, 0x000000070c800000, 0x000000070ca00000|  0%| F|  |TAMS 0x000000070c800000| PB 0x000000070c800000| Untracked 
| 101|0x000000070ca00000, 0x000000070ca00000, 0x000000070cc00000|  0%| F|  |TAMS 0x000000070ca00000| PB 0x000000070ca00000| Untracked 
| 102|0x000000070cc00000, 0x000000070cc00000, 0x000000070ce00000|  0%| F|  |TAMS 0x000000070cc00000| PB 0x000000070cc00000| Untracked 
| 103|0x000000070ce00000, 0x000000070ce00000, 0x000000070d000000|  0%| F|  |TAMS 0x000000070ce00000| PB 0x000000070ce00000| Untracked 
| 104|0x000000070d000000, 0x000000070d000000, 0x000000070d200000|  0%| F|  |TAMS 0x000000070d000000| PB 0x000000070d000000| Untracked 
| 105|0x000000070d200000, 0x000000070d200000, 0x000000070d400000|  0%| F|  |TAMS 0x000000070d200000| PB 0x000000070d200000| Untracked 
| 106|0x000000070d400000, 0x000000070d400000, 0x000000070d600000|  0%| F|  |TAMS 0x000000070d400000| PB 0x000000070d400000| Untracked 
| 107|0x000000070d600000, 0x000000070d600000, 0x000000070d800000|  0%| F|  |TAMS 0x000000070d600000| PB 0x000000070d600000| Untracked 
| 108|0x000000070d800000, 0x000000070d800000, 0x000000070da00000|  0%| F|  |TAMS 0x000000070d800000| PB 0x000000070d800000| Untracked 
| 109|0x000000070da00000, 0x000000070da00000, 0x000000070dc00000|  0%| F|  |TAMS 0x000000070da00000| PB 0x000000070da00000| Untracked 
| 110|0x000000070dc00000, 0x000000070dc00000, 0x000000070de00000|  0%| F|  |TAMS 0x000000070dc00000| PB 0x000000070dc00000| Untracked 
| 111|0x000000070de00000, 0x000000070de00000, 0x000000070e000000|  0%| F|  |TAMS 0x000000070de00000| PB 0x000000070de00000| Untracked 
| 112|0x000000070e000000, 0x000000070e000000, 0x000000070e200000|  0%| F|  |TAMS 0x000000070e000000| PB 0x000000070e000000| Untracked 
| 113|0x000000070e200000, 0x000000070e200000, 0x000000070e400000|  0%| F|  |TAMS 0x000000070e200000| PB 0x000000070e200000| Untracked 
| 114|0x000000070e400000, 0x000000070e400000, 0x000000070e600000|  0%| F|  |TAMS 0x000000070e400000| PB 0x000000070e400000| Untracked 
| 115|0x000000070e600000, 0x000000070e600000, 0x000000070e800000|  0%| F|  |TAMS 0x000000070e600000| PB 0x000000070e600000| Untracked 
| 116|0x000000070e800000, 0x000000070e800000, 0x000000070ea00000|  0%| F|  |TAMS 0x000000070e800000| PB 0x000000070e800000| Untracked 
| 117|0x000000070ea00000, 0x000000070ea00000, 0x000000070ec00000|  0%| F|  |TAMS 0x000000070ea00000| PB 0x000000070ea00000| Untracked 
| 118|0x000000070ec00000, 0x000000070ec00000, 0x000000070ee00000|  0%| F|  |TAMS 0x000000070ec00000| PB 0x000000070ec00000| Untracked 
| 119|0x000000070ee00000, 0x000000070ee00000, 0x000000070f000000|  0%| F|  |TAMS 0x000000070ee00000| PB 0x000000070ee00000| Untracked 
| 120|0x000000070f000000, 0x000000070f000000, 0x000000070f200000|  0%| F|  |TAMS 0x000000070f000000| PB 0x000000070f000000| Untracked 
| 121|0x000000070f200000, 0x000000070f200000, 0x000000070f400000|  0%| F|  |TAMS 0x000000070f200000| PB 0x000000070f200000| Untracked 
| 122|0x000000070f400000, 0x000000070f400000, 0x000000070f600000|  0%| F|  |TAMS 0x000000070f400000| PB 0x000000070f400000| Untracked 
| 123|0x000000070f600000, 0x000000070f600000, 0x000000070f800000|  0%| F|  |TAMS 0x000000070f600000| PB 0x000000070f600000| Untracked 
| 124|0x000000070f800000, 0x000000070f800000, 0x000000070fa00000|  0%| F|  |TAMS 0x000000070f800000| PB 0x000000070f800000| Untracked 
| 125|0x000000070fa00000, 0x000000070fa00000, 0x000000070fc00000|  0%| F|  |TAMS 0x000000070fa00000| PB 0x000000070fa00000| Untracked 
| 126|0x000000070fc00000, 0x000000070fc00000, 0x000000070fe00000|  0%| F|  |TAMS 0x000000070fc00000| PB 0x000000070fc00000| Untracked 
| 127|0x000000070fe00000, 0x000000070fe00000, 0x0000000710000000|  0%| F|  |TAMS 0x000000070fe00000| PB 0x000000070fe00000| Untracked 
| 128|0x0000000710000000, 0x0000000710000000, 0x0000000710200000|  0%| F|  |TAMS 0x0000000710000000| PB 0x0000000710000000| Untracked 
| 129|0x0000000710200000, 0x0000000710200000, 0x0000000710400000|  0%| F|  |TAMS 0x0000000710200000| PB 0x0000000710200000| Untracked 
| 130|0x0000000710400000, 0x0000000710400000, 0x0000000710600000|  0%| F|  |TAMS 0x0000000710400000| PB 0x0000000710400000| Untracked 
| 131|0x0000000710600000, 0x0000000710600000, 0x0000000710800000|  0%| F|  |TAMS 0x0000000710600000| PB 0x0000000710600000| Untracked 
| 132|0x0000000710800000, 0x0000000710800000, 0x0000000710a00000|  0%| F|  |TAMS 0x0000000710800000| PB 0x0000000710800000| Untracked 
| 133|0x0000000710a00000, 0x0000000710a00000, 0x0000000710c00000|  0%| F|  |TAMS 0x0000000710a00000| PB 0x0000000710a00000| Untracked 
| 134|0x0000000710c00000, 0x0000000710c00000, 0x0000000710e00000|  0%| F|  |TAMS 0x0000000710c00000| PB 0x0000000710c00000| Untracked 
| 135|0x0000000710e00000, 0x0000000710e00000, 0x0000000711000000|  0%| F|  |TAMS 0x0000000710e00000| PB 0x0000000710e00000| Untracked 
| 136|0x0000000711000000, 0x0000000711000000, 0x0000000711200000|  0%| F|  |TAMS 0x0000000711000000| PB 0x0000000711000000| Untracked 
| 137|0x0000000711200000, 0x0000000711200000, 0x0000000711400000|  0%| F|  |TAMS 0x0000000711200000| PB 0x0000000711200000| Untracked 
| 138|0x0000000711400000, 0x0000000711400000, 0x0000000711600000|  0%| F|  |TAMS 0x0000000711400000| PB 0x0000000711400000| Untracked 
| 139|0x0000000711600000, 0x0000000711600000, 0x0000000711800000|  0%| F|  |TAMS 0x0000000711600000| PB 0x0000000711600000| Untracked 
| 140|0x0000000711800000, 0x0000000711800000, 0x0000000711a00000|  0%| F|  |TAMS 0x0000000711800000| PB 0x0000000711800000| Untracked 
| 141|0x0000000711a00000, 0x0000000711a00000, 0x0000000711c00000|  0%| F|  |TAMS 0x0000000711a00000| PB 0x0000000711a00000| Untracked 
| 142|0x0000000711c00000, 0x0000000711c00000, 0x0000000711e00000|  0%| F|  |TAMS 0x0000000711c00000| PB 0x0000000711c00000| Untracked 
| 143|0x0000000711e00000, 0x0000000711e00000, 0x0000000712000000|  0%| F|  |TAMS 0x0000000711e00000| PB 0x0000000711e00000| Untracked 
| 144|0x0000000712000000, 0x0000000712000000, 0x0000000712200000|  0%| F|  |TAMS 0x0000000712000000| PB 0x0000000712000000| Untracked 
| 145|0x0000000712200000, 0x0000000712200000, 0x0000000712400000|  0%| F|  |TAMS 0x0000000712200000| PB 0x0000000712200000| Untracked 
| 146|0x0000000712400000, 0x0000000712400000, 0x0000000712600000|  0%| F|  |TAMS 0x0000000712400000| PB 0x0000000712400000| Untracked 
| 147|0x0000000712600000, 0x0000000712600000, 0x0000000712800000|  0%| F|  |TAMS 0x0000000712600000| PB 0x0000000712600000| Untracked 
| 148|0x0000000712800000, 0x0000000712800000, 0x0000000712a00000|  0%| F|  |TAMS 0x0000000712800000| PB 0x0000000712800000| Untracked 
| 149|0x0000000712a00000, 0x0000000712a00000, 0x0000000712c00000|  0%| F|  |TAMS 0x0000000712a00000| PB 0x0000000712a00000| Untracked 
| 150|0x0000000712c00000, 0x0000000712c00000, 0x0000000712e00000|  0%| F|  |TAMS 0x0000000712c00000| PB 0x0000000712c00000| Untracked 
| 151|0x0000000712e00000, 0x0000000712e00000, 0x0000000713000000|  0%| F|  |TAMS 0x0000000712e00000| PB 0x0000000712e00000| Untracked 
| 152|0x0000000713000000, 0x0000000713000000, 0x0000000713200000|  0%| F|  |TAMS 0x0000000713000000| PB 0x0000000713000000| Untracked 
| 153|0x0000000713200000, 0x0000000713200000, 0x0000000713400000|  0%| F|  |TAMS 0x0000000713200000| PB 0x0000000713200000| Untracked 
| 154|0x0000000713400000, 0x0000000713400000, 0x0000000713600000|  0%| F|  |TAMS 0x0000000713400000| PB 0x0000000713400000| Untracked 
| 155|0x0000000713600000, 0x0000000713600000, 0x0000000713800000|  0%| F|  |TAMS 0x0000000713600000| PB 0x0000000713600000| Untracked 
| 156|0x0000000713800000, 0x0000000713800000, 0x0000000713a00000|  0%| F|  |TAMS 0x0000000713800000| PB 0x0000000713800000| Untracked 
| 157|0x0000000713a00000, 0x0000000713a00000, 0x0000000713c00000|  0%| F|  |TAMS 0x0000000713a00000| PB 0x0000000713a00000| Untracked 
| 158|0x0000000713c00000, 0x0000000713c00000, 0x0000000713e00000|  0%| F|  |TAMS 0x0000000713c00000| PB 0x0000000713c00000| Untracked 
| 159|0x0000000713e00000, 0x0000000713e00000, 0x0000000714000000|  0%| F|  |TAMS 0x0000000713e00000| PB 0x0000000713e00000| Untracked 
| 160|0x0000000714000000, 0x0000000714000000, 0x0000000714200000|  0%| F|  |TAMS 0x0000000714000000| PB 0x0000000714000000| Untracked 
| 161|0x0000000714200000, 0x0000000714200000, 0x0000000714400000|  0%| F|  |TAMS 0x0000000714200000| PB 0x0000000714200000| Untracked 
| 162|0x0000000714400000, 0x0000000714400000, 0x0000000714600000|  0%| F|  |TAMS 0x0000000714400000| PB 0x0000000714400000| Untracked 
| 163|0x0000000714600000, 0x0000000714600000, 0x0000000714800000|  0%| F|  |TAMS 0x0000000714600000| PB 0x0000000714600000| Untracked 
| 164|0x0000000714800000, 0x0000000714800000, 0x0000000714a00000|  0%| F|  |TAMS 0x0000000714800000| PB 0x0000000714800000| Untracked 
| 165|0x0000000714a00000, 0x0000000714a00000, 0x0000000714c00000|  0%| F|  |TAMS 0x0000000714a00000| PB 0x0000000714a00000| Untracked 
| 166|0x0000000714c00000, 0x0000000714c00000, 0x0000000714e00000|  0%| F|  |TAMS 0x0000000714c00000| PB 0x0000000714c00000| Untracked 
| 167|0x0000000714e00000, 0x0000000714e00000, 0x0000000715000000|  0%| F|  |TAMS 0x0000000714e00000| PB 0x0000000714e00000| Untracked 
| 168|0x0000000715000000, 0x0000000715000000, 0x0000000715200000|  0%| F|  |TAMS 0x0000000715000000| PB 0x0000000715000000| Untracked 
| 169|0x0000000715200000, 0x0000000715200000, 0x0000000715400000|  0%| F|  |TAMS 0x0000000715200000| PB 0x0000000715200000| Untracked 
| 170|0x0000000715400000, 0x0000000715400000, 0x0000000715600000|  0%| F|  |TAMS 0x0000000715400000| PB 0x0000000715400000| Untracked 
| 171|0x0000000715600000, 0x0000000715600000, 0x0000000715800000|  0%| F|  |TAMS 0x0000000715600000| PB 0x0000000715600000| Untracked 
| 172|0x0000000715800000, 0x0000000715800000, 0x0000000715a00000|  0%| F|  |TAMS 0x0000000715800000| PB 0x0000000715800000| Untracked 
| 173|0x0000000715a00000, 0x0000000715a00000, 0x0000000715c00000|  0%| F|  |TAMS 0x0000000715a00000| PB 0x0000000715a00000| Untracked 
| 174|0x0000000715c00000, 0x0000000715c00000, 0x0000000715e00000|  0%| F|  |TAMS 0x0000000715c00000| PB 0x0000000715c00000| Untracked 
| 175|0x0000000715e00000, 0x0000000715e00000, 0x0000000716000000|  0%| F|  |TAMS 0x0000000715e00000| PB 0x0000000715e00000| Untracked 
| 176|0x0000000716000000, 0x0000000716000000, 0x0000000716200000|  0%| F|  |TAMS 0x0000000716000000| PB 0x0000000716000000| Untracked 
| 177|0x0000000716200000, 0x0000000716200000, 0x0000000716400000|  0%| F|  |TAMS 0x0000000716200000| PB 0x0000000716200000| Untracked 
| 178|0x0000000716400000, 0x0000000716400000, 0x0000000716600000|  0%| F|  |TAMS 0x0000000716400000| PB 0x0000000716400000| Untracked 
| 179|0x0000000716600000, 0x0000000716600000, 0x0000000716800000|  0%| F|  |TAMS 0x0000000716600000| PB 0x0000000716600000| Untracked 
| 180|0x0000000716800000, 0x0000000716800000, 0x0000000716a00000|  0%| F|  |TAMS 0x0000000716800000| PB 0x0000000716800000| Untracked 
| 181|0x0000000716a00000, 0x0000000716a00000, 0x0000000716c00000|  0%| F|  |TAMS 0x0000000716a00000| PB 0x0000000716a00000| Untracked 
| 182|0x0000000716c00000, 0x0000000716c00000, 0x0000000716e00000|  0%| F|  |TAMS 0x0000000716c00000| PB 0x0000000716c00000| Untracked 
| 183|0x0000000716e00000, 0x0000000716e00000, 0x0000000717000000|  0%| F|  |TAMS 0x0000000716e00000| PB 0x0000000716e00000| Untracked 
| 184|0x0000000717000000, 0x0000000717000000, 0x0000000717200000|  0%| F|  |TAMS 0x0000000717000000| PB 0x0000000717000000| Untracked 
| 185|0x0000000717200000, 0x0000000717200000, 0x0000000717400000|  0%| F|  |TAMS 0x0000000717200000| PB 0x0000000717200000| Untracked 
| 186|0x0000000717400000, 0x0000000717400000, 0x0000000717600000|  0%| F|  |TAMS 0x0000000717400000| PB 0x0000000717400000| Untracked 
| 187|0x0000000717600000, 0x0000000717600000, 0x0000000717800000|  0%| F|  |TAMS 0x0000000717600000| PB 0x0000000717600000| Untracked 
| 188|0x0000000717800000, 0x0000000717800000, 0x0000000717a00000|  0%| F|  |TAMS 0x0000000717800000| PB 0x0000000717800000| Untracked 
| 189|0x0000000717a00000, 0x0000000717a00000, 0x0000000717c00000|  0%| F|  |TAMS 0x0000000717a00000| PB 0x0000000717a00000| Untracked 
| 190|0x0000000717c00000, 0x0000000717c00000, 0x0000000717e00000|  0%| F|  |TAMS 0x0000000717c00000| PB 0x0000000717c00000| Untracked 
| 191|0x0000000717e00000, 0x0000000717e00000, 0x0000000718000000|  0%| F|  |TAMS 0x0000000717e00000| PB 0x0000000717e00000| Untracked 
| 192|0x0000000718000000, 0x0000000718000000, 0x0000000718200000|  0%| F|  |TAMS 0x0000000718000000| PB 0x0000000718000000| Untracked 
| 193|0x0000000718200000, 0x0000000718200000, 0x0000000718400000|  0%| F|  |TAMS 0x0000000718200000| PB 0x0000000718200000| Untracked 
| 194|0x0000000718400000, 0x0000000718400000, 0x0000000718600000|  0%| F|  |TAMS 0x0000000718400000| PB 0x0000000718400000| Untracked 
| 195|0x0000000718600000, 0x0000000718600000, 0x0000000718800000|  0%| F|  |TAMS 0x0000000718600000| PB 0x0000000718600000| Untracked 
| 196|0x0000000718800000, 0x0000000718800000, 0x0000000718a00000|  0%| F|  |TAMS 0x0000000718800000| PB 0x0000000718800000| Untracked 
| 197|0x0000000718a00000, 0x0000000718a00000, 0x0000000718c00000|  0%| F|  |TAMS 0x0000000718a00000| PB 0x0000000718a00000| Untracked 
| 198|0x0000000718c00000, 0x0000000718c00000, 0x0000000718e00000|  0%| F|  |TAMS 0x0000000718c00000| PB 0x0000000718c00000| Untracked 
| 199|0x0000000718e00000, 0x0000000718e00000, 0x0000000719000000|  0%| F|  |TAMS 0x0000000718e00000| PB 0x0000000718e00000| Untracked 
| 200|0x0000000719000000, 0x0000000719000000, 0x0000000719200000|  0%| F|  |TAMS 0x0000000719000000| PB 0x0000000719000000| Untracked 
| 201|0x0000000719200000, 0x0000000719200000, 0x0000000719400000|  0%| F|  |TAMS 0x0000000719200000| PB 0x0000000719200000| Untracked 
| 202|0x0000000719400000, 0x0000000719400000, 0x0000000719600000|  0%| F|  |TAMS 0x0000000719400000| PB 0x0000000719400000| Untracked 
| 203|0x0000000719600000, 0x0000000719600000, 0x0000000719800000|  0%| F|  |TAMS 0x0000000719600000| PB 0x0000000719600000| Untracked 
| 204|0x0000000719800000, 0x0000000719800000, 0x0000000719a00000|  0%| F|  |TAMS 0x0000000719800000| PB 0x0000000719800000| Untracked 
| 205|0x0000000719a00000, 0x0000000719a00000, 0x0000000719c00000|  0%| F|  |TAMS 0x0000000719a00000| PB 0x0000000719a00000| Untracked 
| 206|0x0000000719c00000, 0x0000000719c00000, 0x0000000719e00000|  0%| F|  |TAMS 0x0000000719c00000| PB 0x0000000719c00000| Untracked 
| 207|0x0000000719e00000, 0x0000000719e00000, 0x000000071a000000|  0%| F|  |TAMS 0x0000000719e00000| PB 0x0000000719e00000| Untracked 
| 208|0x000000071a000000, 0x000000071a000000, 0x000000071a200000|  0%| F|  |TAMS 0x000000071a000000| PB 0x000000071a000000| Untracked 
| 209|0x000000071a200000, 0x000000071a200000, 0x000000071a400000|  0%| F|  |TAMS 0x000000071a200000| PB 0x000000071a200000| Untracked 
| 210|0x000000071a400000, 0x000000071a400000, 0x000000071a600000|  0%| F|  |TAMS 0x000000071a400000| PB 0x000000071a400000| Untracked 
| 211|0x000000071a600000, 0x000000071a600000, 0x000000071a800000|  0%| F|  |TAMS 0x000000071a600000| PB 0x000000071a600000| Untracked 
| 212|0x000000071a800000, 0x000000071a800000, 0x000000071aa00000|  0%| F|  |TAMS 0x000000071a800000| PB 0x000000071a800000| Untracked 
| 213|0x000000071aa00000, 0x000000071aa00000, 0x000000071ac00000|  0%| F|  |TAMS 0x000000071aa00000| PB 0x000000071aa00000| Untracked 
| 214|0x000000071ac00000, 0x000000071ac00000, 0x000000071ae00000|  0%| F|  |TAMS 0x000000071ac00000| PB 0x000000071ac00000| Untracked 
| 215|0x000000071ae00000, 0x000000071ae00000, 0x000000071b000000|  0%| F|  |TAMS 0x000000071ae00000| PB 0x000000071ae00000| Untracked 
| 216|0x000000071b000000, 0x000000071b000000, 0x000000071b200000|  0%| F|  |TAMS 0x000000071b000000| PB 0x000000071b000000| Untracked 
|2040|0x00000007ff000000, 0x00000007ff146780, 0x00000007ff200000| 63%| S|CS|TAMS 0x00000007ff000000| PB 0x00000007ff000000| Complete 
|2041|0x00000007ff200000, 0x00000007ff400000, 0x00000007ff400000|100%| O|  |TAMS 0x00000007ff400000| PB 0x00000007ff200000| Untracked 
|2042|0x00000007ff400000, 0x00000007ff600000, 0x00000007ff600000|100%| O|  |TAMS 0x00000007ff600000| PB 0x00000007ff400000| Untracked 
|2043|0x00000007ff600000, 0x00000007ff800000, 0x00000007ff800000|100%| O|  |TAMS 0x00000007ff800000| PB 0x00000007ff600000| Untracked 
|2044|0x00000007ff800000, 0x00000007ffa00000, 0x00000007ffa00000|100%| O|  |TAMS 0x00000007ffa00000| PB 0x00000007ff800000| Untracked 
|2045|0x00000007ffa00000, 0x00000007ffc00000, 0x00000007ffc00000|100%| S|CS|TAMS 0x00000007ffa00000| PB 0x00000007ffa00000| Complete 
|2046|0x00000007ffc00000, 0x00000007ffc00000, 0x00000007ffe00000|  0%| F|  |TAMS 0x00000007ffc00000| PB 0x00000007ffc00000| Untracked 
|2047|0x00000007ffe00000, 0x0000000800000000, 0x0000000800000000|100%| O|  |TAMS 0x0000000800000000| PB 0x00000007ffe00000| Untracked 

Card table byte_map: [0x00000274d5ea0000,0x00000274d66a0000] _byte_map_base: 0x00000274d26a0000

Marking Bits: (CMBitMap*) 0x00000274c3279040
 Bits: [0x00000274d66a0000, 0x00000274da6a0000)

Polling page: 0x00000274c11c0000

Metaspace:

Usage:
  Non-class:    105.29 MB used.
      Class:     17.41 MB used.
       Both:    122.70 MB used.

Virtual space:
  Non-class space:      128.00 MB reserved,     106.50 MB ( 83%) committed,  2 nodes.
      Class space:      416.00 MB reserved,      18.50 MB (  4%) committed,  1 nodes.
             Both:      544.00 MB reserved,     125.00 MB ( 23%) committed. 

Chunk freelists:
   Non-Class:  5.06 MB
       Class:  13.38 MB
        Both:  18.44 MB

MaxMetaspaceSize: 512.00 MB
CompressedClassSpaceSize: 416.00 MB
Initial GC threshold: 21.00 MB
Current GC threshold: 200.94 MB
CDS: off
 - commit_granule_bytes: 65536.
 - commit_granule_words: 8192.
 - virtual_space_node_default_size: 8388608.
 - enlarge_chunks_in_place: 1.
 - use_allocation_guard: 0.


Internal statistics:

num_allocs_failed_limit: 9.
num_arena_births: 4692.
num_arena_deaths: 0.
num_vsnodes_births: 3.
num_vsnodes_deaths: 0.
num_space_committed: 1999.
num_space_uncommitted: 0.
num_chunks_returned_to_freelist: 9.
num_chunks_taken_from_freelist: 10163.
num_chunk_merges: 3.
num_chunk_splits: 6631.
num_chunks_enlarged: 4174.
num_inconsistent_stats: 0.

CodeHeap 'non-profiled nmethods': size=120000Kb used=8931Kb max_used=8931Kb free=111068Kb
 bounds [0x00000274cde40000, 0x00000274ce700000, 0x00000274d5370000]
CodeHeap 'profiled nmethods': size=120000Kb used=23490Kb max_used=23490Kb free=96510Kb
 bounds [0x00000274c6370000, 0x00000274c7a70000, 0x00000274cd8a0000]
CodeHeap 'non-nmethods': size=5760Kb used=2020Kb max_used=2068Kb free=3739Kb
 bounds [0x00000274cd8a0000, 0x00000274cdb10000, 0x00000274cde40000]
CodeCache: size=245760Kb, used=34441Kb, max_used=34489Kb, free=211317Kb
 total_blobs=13242, nmethods=12347, adapters=798, full_count=0
Compilation: enabled, stopped_count=0, restarted_count=0

Compilation events (20 events):
Event: 321.037 Thread 0x00000274dd28edb0 15687       3       com.google.common.collect.MapMakerInternalMap$Segment::getEntry (80 bytes)
Event: 321.039 Thread 0x00000274dd28edb0 nmethod 15687 0x00000274c669bf90 code [0x00000274c669c260, 0x00000274c669d2a8]
Event: 321.179 Thread 0x00000274dd28edb0 15688       3       java.util.stream.AbstractPipeline::<init> (91 bytes)
Event: 321.180 Thread 0x00000274dd28edb0 nmethod 15688 0x00000274c669b510 code [0x00000274c669b720, 0x00000274c669bda0]
Event: 321.383 Thread 0x00000274dd28edb0 15689       1       org.gradle.launcher.daemon.server.health.gc.GarbageCollectionEvent::getCount (5 bytes)
Event: 321.384 Thread 0x00000274dd28edb0 nmethod 15689 0x00000274ce6f6610 code [0x00000274ce6f67a0, 0x00000274ce6f6868]
Event: 321.978 Thread 0x00000274dd28edb0 15690       3       com.android.tools.r8.graph.I2::a (113 bytes)
Event: 321.979 Thread 0x00000274dd28edb0 nmethod 15690 0x00000274c6699d10 code [0x00000274c6699fc0, 0x00000274c669af00]
Event: 321.979 Thread 0x00000274dd28edb0 15691       3       com.android.tools.r8.graph.I2::a (129 bytes)
Event: 322.076 Thread 0x00000274dd28edb0 nmethod 15691 0x00000274c6699610 code [0x00000274c66997e0, 0x00000274c6699b08]
Event: 324.360 Thread 0x00000274dd28edb0 15692   !   3       java.util.concurrent.ConcurrentHashMap::putVal (432 bytes)
Event: 324.364 Thread 0x00000274dd28edb0 nmethod 15692 0x00000274c6696d90 code [0x00000274c6697120, 0x00000274c6698c28]
Event: 330.813 Thread 0x00000274dd28df00 15693       4       java.lang.ref.Reference::enqueueFromPending (19 bytes)
Event: 330.843 Thread 0x00000274dd28edb0 15696   !   3       java.util.concurrent.ScheduledThreadPoolExecutor$DelayedWorkQueue::take (203 bytes)
Event: 330.849 Thread 0x00000274dd28df00 nmethod 15693 0x00000274ce6f6910 code [0x00000274ce6f6bc0, 0x00000274ce6f7cb0]
Event: 330.850 Thread 0x00000274dd28df00 15694       4       java.lang.ref.ReferenceQueue::enqueue0 (98 bytes)
Event: 330.852 Thread 0x00000274dd28edb0 nmethod 15696 0x00000274c6694510 code [0x00000274c66948e0, 0x00000274c6696240]
Event: 330.852 Thread 0x00000274dd28edb0 15695   !   3       java.util.concurrent.ScheduledThreadPoolExecutor$DelayedWorkQueue::offer (123 bytes)
Event: 330.855 Thread 0x00000274dd28edb0 nmethod 15695 0x00000274c7a69410 code [0x00000274c7a69720, 0x00000274c7a6ab48]
Event: 330.864 Thread 0x00000274dd28df00 nmethod 15694 0x00000274ce6f8390 code [0x00000274ce6f85a0, 0x00000274ce6f8b80]

GC Heap History (20 events):
Event: 261.755 GC heap after
{Heap after GC invocations=69 (full 0):
 garbage-first heap   total 280576K, used 137642K [0x0000000700000000, 0x0000000800000000)
  region size 2048K, 4 young (8192K), 4 survivors (8192K)
 Metaspace       used 118097K, committed 120448K, reserved 557056K
  class space    used 16811K, committed 17920K, reserved 425984K
}
Event: 262.698 GC heap before
{Heap before GC invocations=70 (full 0):
 garbage-first heap   total 280576K, used 262570K [0x0000000700000000, 0x0000000800000000)
  region size 2048K, 65 young (133120K), 4 survivors (8192K)
 Metaspace       used 118104K, committed 120448K, reserved 557056K
  class space    used 16811K, committed 17920K, reserved 425984K
}
Event: 262.817 GC heap after
{Heap after GC invocations=71 (full 0):
 garbage-first heap   total 280576K, used 138294K [0x0000000700000000, 0x0000000800000000)
  region size 2048K, 4 young (8192K), 4 survivors (8192K)
 Metaspace       used 118104K, committed 120448K, reserved 557056K
  class space    used 16811K, committed 17920K, reserved 425984K
}
Event: 263.670 GC heap before
{Heap before GC invocations=71 (full 0):
 garbage-first heap   total 280576K, used 263222K [0x0000000700000000, 0x0000000800000000)
  region size 2048K, 65 young (133120K), 4 survivors (8192K)
 Metaspace       used 118104K, committed 120448K, reserved 557056K
  class space    used 16811K, committed 17920K, reserved 425984K
}
Event: 263.688 GC heap after
{Heap after GC invocations=72 (full 0):
 garbage-first heap   total 280576K, used 138612K [0x0000000700000000, 0x0000000800000000)
  region size 2048K, 5 young (10240K), 5 survivors (10240K)
 Metaspace       used 118104K, committed 120448K, reserved 557056K
  class space    used 16811K, committed 17920K, reserved 425984K
}
Event: 264.339 GC heap before
{Heap before GC invocations=72 (full 0):
 garbage-first heap   total 280576K, used 261492K [0x0000000700000000, 0x0000000800000000)
  region size 2048K, 65 young (133120K), 5 survivors (10240K)
 Metaspace       used 118129K, committed 120512K, reserved 557056K
  class space    used 16811K, committed 17920K, reserved 425984K
}
Event: 264.349 GC heap after
{Heap after GC invocations=73 (full 0):
 garbage-first heap   total 280576K, used 139608K [0x0000000700000000, 0x0000000800000000)
  region size 2048K, 5 young (10240K), 5 survivors (10240K)
 Metaspace       used 118129K, committed 120512K, reserved 557056K
  class space    used 16811K, committed 17920K, reserved 425984K
}
Event: 264.848 GC heap before
{Heap before GC invocations=74 (full 0):
 garbage-first heap   total 280576K, used 262488K [0x0000000700000000, 0x0000000800000000)
  region size 2048K, 65 young (133120K), 5 survivors (10240K)
 Metaspace       used 118135K, committed 120512K, reserved 557056K
  class space    used 16812K, committed 17920K, reserved 425984K
}
Event: 264.860 GC heap after
{Heap after GC invocations=75 (full 0):
 garbage-first heap   total 280576K, used 140577K [0x0000000700000000, 0x0000000800000000)
  region size 2048K, 6 young (12288K), 6 survivors (12288K)
 Metaspace       used 118135K, committed 120512K, reserved 557056K
  class space    used 16812K, committed 17920K, reserved 425984K
}
Event: 265.630 GC heap before
{Heap before GC invocations=75 (full 0):
 garbage-first heap   total 280576K, used 261409K [0x0000000700000000, 0x0000000800000000)
  region size 2048K, 65 young (133120K), 6 survivors (12288K)
 Metaspace       used 118135K, committed 120512K, reserved 557056K
  class space    used 16812K, committed 17920K, reserved 425984K
}
Event: 265.655 GC heap after
{Heap after GC invocations=76 (full 0):
 garbage-first heap   total 460800K, used 139928K [0x0000000700000000, 0x0000000800000000)
  region size 2048K, 5 young (10240K), 5 survivors (10240K)
 Metaspace       used 118135K, committed 120512K, reserved 557056K
  class space    used 16812K, committed 17920K, reserved 425984K
}
Event: 279.360 GC heap before
{Heap before GC invocations=76 (full 0):
 garbage-first heap   total 460800K, used 404120K [0x0000000700000000, 0x0000000800000000)
  region size 2048K, 135 young (276480K), 5 survivors (10240K)
 Metaspace       used 121059K, committed 123456K, reserved 557056K
  class space    used 17095K, committed 18240K, reserved 425984K
}
Event: 279.472 GC heap after
{Heap after GC invocations=77 (full 0):
 garbage-first heap   total 460800K, used 144921K [0x0000000700000000, 0x0000000800000000)
  region size 2048K, 8 young (16384K), 8 survivors (16384K)
 Metaspace       used 121059K, committed 123456K, reserved 557056K
  class space    used 17095K, committed 18240K, reserved 425984K
}
Event: 282.008 GC heap before
{Heap before GC invocations=78 (full 0):
 garbage-first heap   total 460800K, used 402969K [0x0000000700000000, 0x0000000800000000)
  region size 2048K, 135 young (276480K), 8 survivors (16384K)
 Metaspace       used 121059K, committed 123456K, reserved 557056K
  class space    used 17095K, committed 18240K, reserved 425984K
}
Event: 282.087 GC heap after
{Heap after GC invocations=79 (full 0):
 garbage-first heap   total 460800K, used 146072K [0x0000000700000000, 0x0000000800000000)
  region size 2048K, 8 young (16384K), 8 survivors (16384K)
 Metaspace       used 121059K, committed 123456K, reserved 557056K
  class space    used 17095K, committed 18240K, reserved 425984K
}
Event: 286.339 GC heap before
{Heap before GC invocations=79 (full 0):
 garbage-first heap   total 460800K, used 406168K [0x0000000700000000, 0x0000000800000000)
  region size 2048K, 135 young (276480K), 8 survivors (16384K)
 Metaspace       used 121060K, committed 123456K, reserved 557056K
  class space    used 17095K, committed 18240K, reserved 425984K
}
Event: 286.421 GC heap after
{Heap after GC invocations=80 (full 0):
 garbage-first heap   total 460800K, used 146791K [0x0000000700000000, 0x0000000800000000)
  region size 2048K, 9 young (18432K), 9 survivors (18432K)
 Metaspace       used 121060K, committed 123456K, reserved 557056K
  class space    used 17095K, committed 18240K, reserved 425984K
}
Event: 326.158 GC heap before
{Heap before GC invocations=80 (full 0):
 garbage-first heap   total 460800K, used 404839K [0x0000000700000000, 0x0000000800000000)
  region size 2048K, 135 young (276480K), 9 survivors (18432K)
 Metaspace       used 125596K, committed 128000K, reserved 557056K
  class space    used 17820K, committed 18944K, reserved 425984K
}
Event: 330.809 GC heap after
{Heap after GC invocations=81 (full 0):
 garbage-first heap   total 460800K, used 161773K [0x0000000700000000, 0x0000000800000000)
  region size 2048K, 16 young (32768K), 16 survivors (32768K)
 Metaspace       used 125596K, committed 128000K, reserved 557056K
  class space    used 17820K, committed 18944K, reserved 425984K
}
Event: 330.875 GC heap before
{Heap before GC invocations=81 (full 0):
 garbage-first heap   total 460800K, used 163821K [0x0000000700000000, 0x0000000800000000)
  region size 2048K, 17 young (34816K), 16 survivors (32768K)
 Metaspace       used 125643K, committed 128000K, reserved 557056K
  class space    used 17827K, committed 18944K, reserved 425984K
}

Dll operation events (3 events):
Event: 0.334 Loaded shared library D:\Android Studio Kotlin\jbr\bin\java.dll
Event: 0.389 Loaded shared library D:\Android Studio Kotlin\jbr\bin\zip.dll
Event: 7.746 Loaded shared library D:\Android Studio Kotlin\jbr\bin\verify.dll

Deoptimization events (20 events):
Event: 320.989 Thread 0x00000274ed333eb0 Uncommon trap: trap_request=0xffffff45 fr.pc=0x00000274cdec1e70 relative=0x00000000000005b0
Event: 320.989 Thread 0x00000274ed333eb0 Uncommon trap: reason=unstable_if action=reinterpret pc=0x00000274cdec1e70 method=java.util.zip.ZipFile$Source.getEntryPos(Ljava/lang/String;Z)I @ 105 c2
Event: 320.989 Thread 0x00000274ed333eb0 DEOPT PACKING pc=0x00000274cdec1e70 sp=0x000000d5ae8f6030
Event: 320.989 Thread 0x00000274ed333eb0 DEOPT UNPACKING pc=0x00000274cd8f4422 sp=0x000000d5ae8f5fb0 mode 2
Event: 321.977 Thread 0x00000274ed339400 Uncommon trap: trap_request=0xffffff45 fr.pc=0x00000274ce6eaa28 relative=0x0000000000000528
Event: 321.977 Thread 0x00000274ed339400 Uncommon trap: reason=unstable_if action=reinterpret pc=0x00000274ce6eaa28 method=com.android.tools.r8.graph.I2.a(Ljava/lang/String;)[B @ 19 c2
Event: 321.977 Thread 0x00000274ed339400 DEOPT PACKING pc=0x00000274ce6eaa28 sp=0x000000d5ae9f9d30
Event: 321.977 Thread 0x00000274ed339400 DEOPT UNPACKING pc=0x00000274cd8f4422 sp=0x000000d5ae9f9cd0 mode 2
Event: 321.978 Thread 0x00000274ed339400 Uncommon trap: trap_request=0xffffff45 fr.pc=0x00000274ce6e9da4 relative=0x0000000000000084
Event: 321.978 Thread 0x00000274ed339400 Uncommon trap: reason=unstable_if action=reinterpret pc=0x00000274ce6e9da4 method=com.android.tools.r8.graph.I2.a(C[BI)I @ 1 c2
Event: 321.978 Thread 0x00000274ed339400 DEOPT PACKING pc=0x00000274ce6e9da4 sp=0x000000d5ae9f9cc0
Event: 321.978 Thread 0x00000274ed339400 DEOPT UNPACKING pc=0x00000274cd8f4422 sp=0x000000d5ae9f9c60 mode 2
Event: 323.321 Thread 0x00000274e3ce3f40 Uncommon trap: trap_request=0xffffff45 fr.pc=0x00000274ce6ef1e8 relative=0x0000000000000fe8
Event: 323.321 Thread 0x00000274e3ce3f40 Uncommon trap: reason=unstable_if action=reinterpret pc=0x00000274ce6ef1e8 method=java.util.concurrent.ConcurrentHashMap.putVal(Ljava/lang/Object;Ljava/lang/Object;Z)Ljava/lang/Object; @ 162 c2
Event: 323.321 Thread 0x00000274e3ce3f40 DEOPT PACKING pc=0x00000274ce6ef1e8 sp=0x000000d5ae2f32f0
Event: 323.321 Thread 0x00000274e3ce3f40 DEOPT UNPACKING pc=0x00000274cd8f4422 sp=0x000000d5ae2f3288 mode 2
Event: 324.026 Thread 0x00000274e3ce3f40 Uncommon trap: trap_request=0xffffff45 fr.pc=0x00000274ce00bc14 relative=0x0000000000000a54
Event: 324.026 Thread 0x00000274e3ce3f40 Uncommon trap: reason=unstable_if action=reinterpret pc=0x00000274ce00bc14 method=java.util.WeakHashMap.remove(Ljava/lang/Object;)Ljava/lang/Object; @ 92 c2
Event: 324.026 Thread 0x00000274e3ce3f40 DEOPT PACKING pc=0x00000274ce00bc14 sp=0x000000d5ae2f6320
Event: 324.026 Thread 0x00000274e3ce3f40 DEOPT UNPACKING pc=0x00000274cd8f4422 sp=0x000000d5ae2f62d0 mode 2

Classes loaded (20 events):
Event: 300.179 Loading class java/util/regex/Pattern$SliceU
Event: 300.214 Loading class java/util/regex/Pattern$SliceU done
Event: 300.215 Loading class sun/nio/fs/WindowsFileSystem$2
Event: 300.235 Loading class sun/nio/fs/WindowsFileSystem$2 done
Event: 300.567 Loading class java/util/zip/ZipFile$ZipEntryIterator
Event: 300.580 Loading class java/util/zip/ZipFile$ZipEntryIterator done
Event: 304.767 Loading class java/util/zip/ZipInputStream
Event: 304.896 Loading class java/util/zip/ZipInputStream done
Event: 312.535 Loading class java/io/UTFDataFormatException
Event: 312.678 Loading class java/io/UTFDataFormatException done
Event: 315.851 Loading class java/util/stream/IntPipeline$1
Event: 315.860 Loading class java/util/stream/IntPipeline$1 done
Event: 315.904 Loading class java/util/stream/IntPipeline$1$1
Event: 315.912 Loading class java/util/stream/Sink$ChainedInt
Event: 315.918 Loading class java/util/stream/Sink$ChainedInt done
Event: 315.918 Loading class java/util/stream/IntPipeline$1$1 done
Event: 316.199 Loading class java/util/concurrent/RejectedExecutionException
Event: 316.208 Loading class java/util/concurrent/RejectedExecutionException done
Event: 317.510 Loading class java/util/function/BooleanSupplier
Event: 317.518 Loading class java/util/function/BooleanSupplier done

Classes unloaded (0 events):
No events

Classes redefined (0 events):
No events

Internal exceptions (20 events):
Event: 324.915 Thread 0x00000274e3ce3f40 Exception <a 'sun/nio/fs/WindowsException'{0x000000070bd53be8}> (0x000000070bd53be8) 
thrown [s\src\hotspot\share\prims\jni.cpp, line 537]
Event: 324.921 Thread 0x00000274ed336610 Exception <a 'sun/nio/fs/WindowsException'{0x000000070bce55c8}> (0x000000070bce55c8) 
thrown [s\src\hotspot\share\prims\jni.cpp, line 537]
Event: 325.193 Thread 0x00000274ed336610 Exception <a 'sun/nio/fs/WindowsException'{0x000000070bcf12a8}> (0x000000070bcf12a8) 
thrown [s\src\hotspot\share\prims\jni.cpp, line 537]
Event: 325.200 Thread 0x00000274e3ce3f40 Exception <a 'sun/nio/fs/WindowsException'{0x000000070bd6ae08}> (0x000000070bd6ae08) 
thrown [s\src\hotspot\share\prims\jni.cpp, line 537]
Event: 325.470 Thread 0x00000274ed336610 Exception <a 'sun/nio/fs/WindowsException'{0x000000070bd0a528}> (0x000000070bd0a528) 
thrown [s\src\hotspot\share\prims\jni.cpp, line 537]
Event: 325.479 Thread 0x00000274e3ce3f40 Exception <a 'sun/nio/fs/WindowsException'{0x000000070bd79b38}> (0x000000070bd79b38) 
thrown [s\src\hotspot\share\prims\jni.cpp, line 537]
Event: 325.610 Thread 0x00000274ed336610 Exception <a 'sun/nio/fs/WindowsException'{0x000000070bd1b450}> (0x000000070bd1b450) 
thrown [s\src\hotspot\share\prims\jni.cpp, line 537]
Event: 325.738 Thread 0x00000274e3ce3f40 Exception <a 'sun/nio/fs/WindowsException'{0x000000070bd889f8}> (0x000000070bd889f8) 
thrown [s\src\hotspot\share\prims\jni.cpp, line 537]
Event: 325.754 Thread 0x00000274ed336610 Exception <a 'sun/nio/fs/WindowsException'{0x000000070bd2c7a8}> (0x000000070bd2c7a8) 
thrown [s\src\hotspot\share\prims\jni.cpp, line 537]
Event: 325.872 Thread 0x00000274e3ce3f40 Exception <a 'sun/nio/fs/WindowsException'{0x000000070bd9d840}> (0x000000070bd9d840) 
thrown [s\src\hotspot\share\prims\jni.cpp, line 537]
Event: 326.002 Thread 0x00000274e3ce3f40 Exception <a 'sun/nio/fs/WindowsException'{0x000000070bdaad78}> (0x000000070bdaad78) 
thrown [s\src\hotspot\share\prims\jni.cpp, line 537]
Event: 326.002 Thread 0x00000274ed336610 Exception <a 'sun/nio/fs/WindowsException'{0x000000070bdeb7d0}> (0x000000070bdeb7d0) 
thrown [s\src\hotspot\share\prims\jni.cpp, line 537]
Event: 330.837 Thread 0x00000274ed336610 Exception <a 'sun/nio/fs/WindowsException'{0x00000007ffc36f48}> (0x00000007ffc36f48) 
thrown [s\src\hotspot\share\prims\jni.cpp, line 537]
Event: 330.851 Thread 0x00000274ed336610 Exception <a 'sun/nio/fs/WindowsException'{0x00000007ffc406d0}> (0x00000007ffc406d0) 
thrown [s\src\hotspot\share\prims\jni.cpp, line 537]
Event: 330.854 Thread 0x00000274ed336610 Exception <a 'sun/nio/fs/WindowsException'{0x00000007ffc4b5f0}> (0x00000007ffc4b5f0) 
thrown [s\src\hotspot\share\prims\jni.cpp, line 537]
Event: 330.855 Thread 0x00000274e3ce3f40 Exception <a 'sun/nio/fs/WindowsException'{0x00000007ffcc0290}> (0x00000007ffcc0290) 
thrown [s\src\hotspot\share\prims\jni.cpp, line 537]
Event: 330.858 Thread 0x00000274ed336610 Exception <a 'sun/nio/fs/WindowsException'{0x00000007ffc55190}> (0x00000007ffc55190) 
thrown [s\src\hotspot\share\prims\jni.cpp, line 537]
Event: 330.863 Thread 0x00000274ed336610 Exception <a 'sun/nio/fs/WindowsException'{0x00000007ffc60790}> (0x00000007ffc60790) 
thrown [s\src\hotspot\share\prims\jni.cpp, line 537]
Event: 330.864 Thread 0x00000274e3ce3f40 Exception <a 'sun/nio/fs/WindowsException'{0x00000007ffcce130}> (0x00000007ffcce130) 
thrown [s\src\hotspot\share\prims\jni.cpp, line 537]
Event: 330.871 Thread 0x00000274e3ce3f40 Exception <a 'sun/nio/fs/WindowsException'{0x00000007ffcdd708}> (0x00000007ffcdd708) 
thrown [s\src\hotspot\share\prims\jni.cpp, line 537]

ZGC Phase Switch (0 events):
No events

VM Operations (20 events):
Event: 314.119 Executing VM operation: Cleanup done
Event: 315.652 Executing VM operation: HandshakeAllThreads (Deoptimize)
Event: 315.662 Executing VM operation: HandshakeAllThreads (Deoptimize) done
Event: 316.663 Executing VM operation: Cleanup
Event: 316.666 Executing VM operation: Cleanup done
Event: 317.666 Executing VM operation: Cleanup
Event: 317.667 Executing VM operation: Cleanup done
Event: 319.667 Executing VM operation: Cleanup
Event: 319.667 Executing VM operation: Cleanup done
Event: 320.674 Executing VM operation: Cleanup
Event: 320.675 Executing VM operation: Cleanup done
Event: 320.716 Executing VM operation: HandshakeAllThreads (Deoptimize)
Event: 320.716 Executing VM operation: HandshakeAllThreads (Deoptimize) done
Event: 321.716 Executing VM operation: Cleanup
Event: 321.796 Executing VM operation: Cleanup done
Event: 322.811 Executing VM operation: Cleanup
Event: 322.890 Executing VM operation: Cleanup done
Event: 326.006 Executing VM operation: G1CollectForAllocation (G1 Evacuation Pause)
Event: 330.809 Executing VM operation: G1CollectForAllocation (G1 Evacuation Pause) done
Event: 330.875 Executing VM operation: G1CollectForAllocation (G1 Evacuation Pause)

Memory protections (0 events):
No events

Nmethod flushes (20 events):
Event: 280.348 Thread 0x00000274c0eb05f0 flushing  nmethod 0x00000274c6b8c710
Event: 280.349 Thread 0x00000274c0eb05f0 flushing  nmethod 0x00000274c6b8fa10
Event: 280.349 Thread 0x00000274c0eb05f0 flushing  nmethod 0x00000274c6dc7890
Event: 280.349 Thread 0x00000274c0eb05f0 flushing  nmethod 0x00000274c706a990
Event: 280.349 Thread 0x00000274c0eb05f0 flushing  nmethod 0x00000274c7092e90
Event: 280.349 Thread 0x00000274c0eb05f0 flushing  nmethod 0x00000274c7094810
Event: 280.349 Thread 0x00000274c0eb05f0 flushing  nmethod 0x00000274c7a43910
Event: 280.349 Thread 0x00000274c0eb05f0 flushing  nmethod 0x00000274c68bb010
Event: 280.349 Thread 0x00000274c0eb05f0 flushing  nmethod 0x00000274c6db9710
Event: 280.349 Thread 0x00000274c0eb05f0 flushing  nmethod 0x00000274c6dec690
Event: 280.349 Thread 0x00000274c0eb05f0 flushing  nmethod 0x00000274c708e510
Event: 280.350 Thread 0x00000274c0eb05f0 flushing  nmethod 0x00000274c715ad90
Event: 280.350 Thread 0x00000274c0eb05f0 flushing  nmethod 0x00000274c76eea90
Event: 280.350 Thread 0x00000274c0eb05f0 flushing  nmethod 0x00000274c638f290
Event: 280.350 Thread 0x00000274c0eb05f0 flushing  nmethod 0x00000274c65e5090
Event: 280.350 Thread 0x00000274c0eb05f0 flushing  nmethod 0x00000274c67a9590
Event: 280.350 Thread 0x00000274c0eb05f0 flushing  nmethod 0x00000274c6a4e510
Event: 280.351 Thread 0x00000274c0eb05f0 flushing  nmethod 0x00000274c7098790
Event: 280.351 Thread 0x00000274c0eb05f0 flushing  nmethod 0x00000274c6c6cb10
Event: 280.351 Thread 0x00000274c0eb05f0 flushing  nmethod 0x00000274c7a33610

Events (20 events):
Event: 258.027 Thread 0x00000274e3cde9f0 Thread added: 0x00000274ed336ca0
Event: 258.028 Thread 0x00000274e3cde9f0 Thread added: 0x00000274ed3379c0
Event: 258.029 Thread 0x00000274e3cde9f0 Thread added: 0x00000274ed33a7b0
Event: 258.030 Thread 0x00000274e3cde9f0 Thread added: 0x00000274ed338050
Event: 258.031 Thread 0x00000274e3cde9f0 Thread added: 0x00000274ed337330
Event: 260.477 Thread 0x00000274e3cde9f0 Thread added: 0x00000274e70eaa70
Event: 260.557 Thread 0x00000274e3cde9f0 Thread added: 0x00000274e70e9d50
Event: 260.558 Thread 0x00000274e3cde9f0 Thread added: 0x00000274e70eb790
Event: 260.559 Thread 0x00000274e3cde9f0 Thread added: 0x00000274e70ebe20
Event: 260.560 Thread 0x00000274e3cde9f0 Thread added: 0x00000274e70ec4b0
Event: 260.561 Thread 0x00000274e3cde9f0 Thread added: 0x00000274e70e9030
Event: 260.562 Thread 0x00000274e3cde9f0 Thread added: 0x00000274e70ecb40
Event: 260.563 Thread 0x00000274e3cde9f0 Thread added: 0x00000274e70e96c0
Event: 261.543 Thread 0x00000274e3cde9f0 Thread added: 0x00000274e70ed1d0
Event: 261.544 Thread 0x00000274e3cde9f0 Thread added: 0x00000274e70ed860
Event: 261.545 Thread 0x00000274e3cde9f0 Thread added: 0x00000274e70ea3e0
Event: 261.546 Thread 0x00000274e3cde9f0 Thread added: 0x00000274e70edef0
Event: 261.547 Thread 0x00000274e3cde9f0 Thread added: 0x00000274e70ee580
Event: 261.548 Thread 0x00000274e3cde9f0 Thread added: 0x00000274e70eb100
Event: 269.762 Thread 0x00000274e3cde9f0 Thread added: 0x00000274ecc45a70


Dynamic libraries:
0x00007ff778e60000 - 0x00007ff778e6a000 	D:\Android Studio Kotlin\jbr\bin\java.exe
0x00007ffad67c0000 - 0x00007ffad6a27000 	C:\WINDOWS\SYSTEM32\ntdll.dll
0x00007ffad5190000 - 0x00007ffad5259000 	C:\WINDOWS\System32\KERNEL32.DLL
0x00007ffad33f0000 - 0x00007ffad37e7000 	C:\WINDOWS\System32\KERNELBASE.dll
0x00007ffad37f0000 - 0x00007ffad393b000 	C:\WINDOWS\System32\ucrtbase.dll
0x00007ffaa6dc0000 - 0x00007ffaa6ddb000 	D:\Android Studio Kotlin\jbr\bin\VCRUNTIME140.dll
0x00007ffa72590000 - 0x00007ffa725a8000 	D:\Android Studio Kotlin\jbr\bin\jli.dll
0x00007ffad46a0000 - 0x00007ffad4866000 	C:\WINDOWS\System32\USER32.dll
0x00007ffad42e0000 - 0x00007ffad4307000 	C:\WINDOWS\System32\win32u.dll
0x00007ffad4d00000 - 0x00007ffad4d2b000 	C:\WINDOWS\System32\GDI32.dll
0x00007ffad41b0000 - 0x00007ffad42dc000 	C:\WINDOWS\System32\gdi32full.dll
0x00007ffad32b0000 - 0x00007ffad3353000 	C:\WINDOWS\System32\msvcp_win.dll
0x00007ffabf6e0000 - 0x00007ffabf972000 	C:\WINDOWS\WinSxS\amd64_microsoft.windows.common-controls_6595b64144ccf1df_6.0.26100.8457_none_3e0b2faee331e92d\COMCTL32.dll
0x00007ffad4fc0000 - 0x00007ffad5069000 	C:\WINDOWS\System32\msvcrt.dll
0x00007ffad4eb0000 - 0x00007ffad4ee2000 	C:\WINDOWS\System32\IMM32.DLL
0x00007ffab8c30000 - 0x00007ffab8c3c000 	D:\Android Studio Kotlin\jbr\bin\vcruntime140_1.dll
0x00007ffa53aa0000 - 0x00007ffa53b2d000 	D:\Android Studio Kotlin\jbr\bin\msvcp140.dll
0x00007ff9ef5e0000 - 0x00007ff9f0276000 	D:\Android Studio Kotlin\jbr\bin\server\jvm.dll
0x00007ffad5260000 - 0x00007ffad5316000 	C:\WINDOWS\System32\ADVAPI32.dll
0x00007ffad4d40000 - 0x00007ffad4de7000 	C:\WINDOWS\System32\sechost.dll
0x00007ffad5070000 - 0x00007ffad5188000 	C:\WINDOWS\System32\RPCRT4.dll
0x00007ffad4e20000 - 0x00007ffad4ea0000 	C:\WINDOWS\System32\WS2_32.dll
0x00007ffac9420000 - 0x00007ffac942b000 	C:\WINDOWS\SYSTEM32\VERSION.dll
0x00007ffad3050000 - 0x00007ffad30ae000 	C:\WINDOWS\SYSTEM32\POWRPROF.dll
0x00007ffaca4e0000 - 0x00007ffaca516000 	C:\WINDOWS\SYSTEM32\WINMM.dll
0x00007ffad3030000 - 0x00007ffad3044000 	C:\WINDOWS\SYSTEM32\UMPDC.dll
0x00007ffad1f80000 - 0x00007ffad1f9b000 	C:\WINDOWS\SYSTEM32\kernel.appcore.dll
0x00007ffab7740000 - 0x00007ffab774a000 	D:\Android Studio Kotlin\jbr\bin\jimage.dll
0x00007ffac57c0000 - 0x00007ffac5a02000 	C:\WINDOWS\SYSTEM32\DBGHELP.DLL
0x00007ffad5600000 - 0x00007ffad5983000 	C:\WINDOWS\System32\combase.dll
0x00007ffad54c0000 - 0x00007ffad5599000 	C:\WINDOWS\System32\OLEAUT32.dll
0x00007ffabbc90000 - 0x00007ffabbccb000 	C:\WINDOWS\SYSTEM32\dbgcore.DLL
0x00007ffad4490000 - 0x00007ffad4538000 	C:\WINDOWS\System32\bcryptPrimitives.dll
0x00007ffa75720000 - 0x00007ffa7572e000 	D:\Android Studio Kotlin\jbr\bin\instrument.dll
0x00007ffaa6d50000 - 0x00007ffaa6d70000 	D:\Android Studio Kotlin\jbr\bin\java.dll
0x00007ffa79ce0000 - 0x00007ffa79cf8000 	D:\Android Studio Kotlin\jbr\bin\zip.dll
0x00007ffad6000000 - 0x00007ffad676e000 	C:\WINDOWS\System32\SHELL32.dll
0x00007ffad3940000 - 0x00007ffad41ac000 	C:\WINDOWS\System32\windows.storage.dll
0x00007ffad5f00000 - 0x00007ffad5ff6000 	C:\WINDOWS\System32\SHCORE.dll
0x00007ffad5c20000 - 0x00007ffad5c86000 	C:\WINDOWS\System32\shlwapi.dll
0x00007ffad3110000 - 0x00007ffad3139000 	C:\WINDOWS\SYSTEM32\profapi.dll
0x00007ffaaafc0000 - 0x00007ffaaafd0000 	D:\Android Studio Kotlin\jbr\bin\net.dll
0x00007ffac9e90000 - 0x00007ffac9fb9000 	C:\WINDOWS\SYSTEM32\WINHTTP.dll
0x00007ffad24f0000 - 0x00007ffad255c000 	C:\WINDOWS\system32\mswsock.dll
0x00007ffa79cc0000 - 0x00007ffa79cd6000 	D:\Android Studio Kotlin\jbr\bin\nio.dll
0x00007ffa75ce0000 - 0x00007ffa75cf0000 	D:\Android Studio Kotlin\jbr\bin\verify.dll
0x00007ffa6d420000 - 0x00007ffa6d447000 	C:\Users\LENOVO\.gradle\native\660c5614fbf4a5f2a75b1949f50a0caf5cd603558e7d8a26e50b933a0cfb79d1\windows-amd64\native-platform.dll
0x00007ffa53a20000 - 0x00007ffa53a97000 	C:\Users\LENOVO\.gradle\native\0.2.8\x86_64-windows-gnu\gradle-fileevents.dll
0x00007ffa78f00000 - 0x00007ffa78f09000 	D:\Android Studio Kotlin\jbr\bin\management.dll
0x00007ffa763e0000 - 0x00007ffa763eb000 	D:\Android Studio Kotlin\jbr\bin\management_ext.dll
0x00007ffad4d30000 - 0x00007ffad4d38000 	C:\WINDOWS\System32\PSAPI.DLL
0x00007ffad1970000 - 0x00007ffad19a2000 	C:\WINDOWS\SYSTEM32\IPHLPAPI.DLL
0x00007ffad5a30000 - 0x00007ffad5a3a000 	C:\WINDOWS\System32\NSI.dll
0x00007ffa93ab0000 - 0x00007ffa93ab9000 	D:\Android Studio Kotlin\jbr\bin\extnet.dll
0x00007ffad27d0000 - 0x00007ffad27eb000 	C:\WINDOWS\SYSTEM32\CRYPTSP.dll
0x00007ffad1ee0000 - 0x00007ffad1f19000 	C:\WINDOWS\system32\rsaenh.dll
0x00007ffad25a0000 - 0x00007ffad25d3000 	C:\WINDOWS\SYSTEM32\USERENV.dll
0x00007ffad30e0000 - 0x00007ffad310a000 	C:\WINDOWS\SYSTEM32\bcrypt.dll
0x00007ffad27f0000 - 0x00007ffad27fc000 	C:\WINDOWS\SYSTEM32\CRYPTBASE.dll
0x00007fface2e0000 - 0x00007fface2e8000 	C:\WINDOWS\system32\wshunix.dll
0x00007ffab9260000 - 0x00007ffab9278000 	C:\WINDOWS\system32\napinsp.dll
0x00007ffad19b0000 - 0x00007ffad1ae2000 	C:\WINDOWS\SYSTEM32\DNSAPI.dll
0x00007ffab9c90000 - 0x00007ffab9ca3000 	C:\WINDOWS\System32\winrnr.dll
0x00007ffab9c60000 - 0x00007ffab9c82000 	C:\WINDOWS\system32\nlansp_c.dll
0x00007ffab9b40000 - 0x00007ffab9b56000 	C:\WINDOWS\system32\wshbth.dll
0x00007ffac9720000 - 0x00007ffac972b000 	C:\Windows\System32\rasadhlp.dll
0x00007fface040000 - 0x00007fface0c6000 	C:\WINDOWS\System32\fwpuclnt.dll

JVMTI agents:
C:\Users\LENOVO\.gradle\wrapper\dists\gradle-9.2.1-bin\2t0n5ozlw9xmuyvbp7dnzaxug\gradle-9.2.1\lib\agents\gradle-instrumentation-agent-9.2.1.jar path:D:\Android Studio Kotlin\jbr\bin\instrument.dll, loaded, initialized, instrumentlib options:none

dbghelp: loaded successfully - version: 4.0.5 - missing functions: none
symbol engine: initialized successfully - sym options: 0x614 - pdb path: .;D:\Android Studio Kotlin\jbr\bin;C:\WINDOWS\SYSTEM32;C:\WINDOWS\WinSxS\amd64_microsoft.windows.common-controls_6595b64144ccf1df_6.0.26100.8457_none_3e0b2faee331e92d;D:\Android Studio Kotlin\jbr\bin\server;C:\Users\LENOVO\.gradle\native\660c5614fbf4a5f2a75b1949f50a0caf5cd603558e7d8a26e50b933a0cfb79d1\windows-amd64;C:\Users\LENOVO\.gradle\native\0.2.8\x86_64-windows-gnu

VM Arguments:
jvm_args: --add-opens=java.base/java.lang=ALL-UNNAMED --add-opens=java.base/java.lang.invoke=ALL-UNNAMED --add-opens=java.base/java.util=ALL-UNNAMED --add-opens=java.prefs/java.util.prefs=ALL-UNNAMED --add-exports=jdk.compiler/com.sun.tools.javac.api=ALL-UNNAMED --add-exports=jdk.compiler/com.sun.tools.javac.util=ALL-UNNAMED --add-opens=java.base/java.util=ALL-UNNAMED --add-opens=java.prefs/java.util.prefs=ALL-UNNAMED --add-opens=java.base/java.nio.charset=ALL-UNNAMED --add-opens=java.base/java.net=ALL-UNNAMED --add-opens=java.base/java.util.concurrent=ALL-UNNAMED --add-opens=java.base/java.util.concurrent.atomic=ALL-UNNAMED --add-opens=java.xml/javax.xml.namespace=ALL-UNNAMED --add-opens=java.base/java.time=ALL-UNNAMED -XX:MaxMetaspaceSize=512m -Xmx4096m -Dfile.encoding=UTF-8 -Duser.country=ID -Duser.language=en -Duser.variant -javaagent:C:\Users\LENOVO\.gradle\wrapper\dists\gradle-9.2.1-bin\2t0n5ozlw9xmuyvbp7dnzaxug\gradle-9.2.1\lib\agents\gradle-instrumentation-agent-9.2.1.jar 
java_command: org.gradle.launcher.daemon.bootstrap.GradleDaemon 9.2.1
java_class_path (initial): C:\Users\LENOVO\.gradle\wrapper\dists\gradle-9.2.1-bin\2t0n5ozlw9xmuyvbp7dnzaxug\gradle-9.2.1\lib\gradle-daemon-main-9.2.1.jar
Launcher Type: SUN_STANDARD

[Global flags]
     intx CICompilerCount                          = 4                                         {product} {ergonomic}
   size_t CompressedClassSpaceSize                 = 436207616                                 {product} {ergonomic}
     uint ConcGCThreads                            = 2                                         {product} {ergonomic}
     uint G1ConcRefinementThreads                  = 8                                         {product} {ergonomic}
   size_t G1HeapRegionSize                         = 2097152                                   {product} {ergonomic}
    uintx GCDrainStackTargetSize                   = 64                                        {product} {ergonomic}
   size_t InitialHeapSize                          = 96468992                                  {product} {ergonomic}
   size_t MarkStackSize                            = 4194304                                   {product} {ergonomic}
   size_t MaxHeapSize                              = 4294967296                                {product} {command line}
   size_t MaxMetaspaceSize                         = 536870912                                 {product} {command line}
   size_t MaxNewSize                               = 2575302656                                {product} {ergonomic}
   size_t MinHeapDeltaBytes                        = 2097152                                   {product} {ergonomic}
   size_t MinHeapSize                              = 8388608                                   {product} {ergonomic}
    uintx NonNMethodCodeHeapSize                   = 5839372                                {pd product} {ergonomic}
    uintx NonProfiledCodeHeapSize                  = 122909434                              {pd product} {ergonomic}
    uintx ProfiledCodeHeapSize                     = 122909434                              {pd product} {ergonomic}
    uintx ReservedCodeCacheSize                    = 251658240                              {pd product} {ergonomic}
     bool SegmentedCodeCache                       = true                                      {product} {ergonomic}
   size_t SoftMaxHeapSize                          = 4294967296                             {manageable} {ergonomic}
     bool UseCompressedOops                        = true                           {product lp64_product} {ergonomic}
     bool UseG1GC                                  = true                                      {product} {ergonomic}
     bool UseLargePagesIndividualAllocation        = false                                  {pd product} {ergonomic}

Logging:
Log output configuration:
 #0: stdout all=warning uptime,level,tags foldmultilines=false
 #1: stderr all=off uptime,level,tags foldmultilines=false

Release file:
JAVA_VERSION="21.0.9" 
MODULES="java.base java.compiler java.datatransfer java.xml java.prefs java.desktop java.instrument java.logging java.management java.security.sasl java.naming java.rmi java.management.rmi java.net.http java.scripting java.security.jgss java.transaction.xa java.sql java.sql.rowset java.xml.crypto java.se java.smartcardio jdk.accessibility jdk.internal.jvmstat jdk.attach jdk.charsets jdk.internal.opt jdk.zipfs jdk.compiler jdk.crypto.ec jdk.crypto.cryptoki jdk.dynalink jdk.hotspot.agent jdk.httpserver jdk.internal.ed jdk.internal.le jdk.internal.vm.ci jdk.jartool jdk.javadoc jdk.jcmd jdk.jdeps jdk.jdwp.agent jdk.jdi jdk.jfr jdk.jlink jdk.jsobject jdk.localedata jdk.management jdk.management.agent jdk.management.jfr jdk.naming.dns jdk.naming.rmi jdk.net jdk.sctp jdk.security.auth jdk.security.jgss jdk.unsupported jdk.unsupported.desktop jdk.xml.dom" 
IMPLEMENTOR="JetBrains s.r.o." 
JAVA_RUNTIME_VERSION="21.0.9+-14649483-b1163.86" 
LIBC="default" 
OS_ARCH="x86_64" 
OS_NAME="Windows" 
SOURCE=".:git:554d0c326095" 

Environment Variables:
PATH=C:\Program Files (x86)\Common Files\Oracle\Java\java8path;C:\Program Files (x86)\Common Files\Oracle\Java\javapath;C:\WINDOWS\system32;C:\WINDOWS;C:\WINDOWS\System32\Wbem;C:\WINDOWS\System32\WindowsPowerShell\v1.0\;C:\WINDOWS\System32\OpenSSH\;C:\Program Files\nodejs\;C:\Program Files\Git\cmd;D:\xampp\php;C:\Program Files\Docker\Docker\resources\bin;C:\Users\LENOVO\AppData\Local\Programs\Python\Launcher\;C:\Users\LENOVO\AppData\Local\Microsoft\WindowsApps;C:\Users\LENOVO\AppData\Local\Programs\Microsoft VS Code\bin;C:\Users\LENOVO\AppData\Roaming\npm;C:\Users\LENOVO\AppData\Local\GitHubDesktop\bin;D:\xampp\php;
USERNAME=LENOVO
OS=Windows_NT
PROCESSOR_IDENTIFIER=AMD64 Family 23 Model 160 Stepping 0, AuthenticAMD
TMP=C:\Users\LENOVO\AppData\Local\Temp
TEMP=C:\Users\LENOVO\AppData\Local\Temp




Periodic native trim disabled

JNI global refs:
JNI global refs: 27, weak refs: 0

JNI global refs memory usage: 835, weak refs: 201

Process memory usage:
Resident Set Size: 316772K (5% of 6018300K total physical memory with 242252K free physical memory)

OOME stack traces (most recent first):
Classloader memory used:
Loader org.gradle.internal.classloader.VisitableURLClassLoader                         : 46366K
Loader org.gradle.internal.classloader.VisitableURLClassLoader$InstrumentingVisitableURLClassLoader: 35451K
Loader bootstrap                                                                       : 29407K
Loader org.gradle.initialization.MixInLegacyTypesClassLoader                           : 13289K
Loader jdk.internal.reflect.DelegatingClassLoader                                      : 386K
Loader jdk.internal.loader.ClassLoaders$AppClassLoader                                 : 231K
Loader org.gradle.internal.classloader.VisitableURLClassLoader                         : 226K
Loader jdk.internal.loader.ClassLoaders$PlatformClassLoader                            : 155K
Loader org.gradle.groovy.scripts.internal.DefaultScriptCompilationHandler$ScriptClassLoader: 128K

Classes loaded by more than one classloader:
Class Program                                                                         : loaded 5 times (x 72B)
Class Build_gradle                                                                    : loaded 3 times (x 126B)
Class com.google.common.collect.RegularImmutableMap$KeySet                            : loaded 2 times (x 150B)
Class org.gradle.internal.classloader.FilteringClassLoader                            : loaded 2 times (x 105B)
Class [Lcom.google.common.base.AbstractIterator$State;                                : loaded 2 times (x 69B)
Class com.google.common.base.CharMatcher$IsEither                                     : loaded 2 times (x 111B)
Class org.gradle.internal.classloader.ClassLoaderHierarchy                            : loaded 2 times (x 70B)
Class com.google.common.collect.ImmutableEnumSet                                      : loaded 2 times (x 146B)
Class com.google.common.util.concurrent.ExecutionError                                : loaded 2 times (x 82B)
Class com.google.common.collect.ImmutableList$1                                       : loaded 2 times (x 97B)
Class ijKotlinCoroutineJvmDebugInit1_a7st5spn14idh9pi9uyiatum9$_run_closure1          : loaded 2 times (x 139B)
Class org.gradle.api.internal.classpath.ManifestUtil                                  : loaded 2 times (x 71B)
Class com.google.common.io.ByteArrayDataOutput                                        : loaded 2 times (x 70B)
Class com.google.common.collect.RegularImmutableMap                                   : loaded 2 times (x 121B)
Class com.google.common.collect.ImmutableMap$MapViewOfValuesAsSingletonSets           : loaded 2 times (x 125B)
Class [Lorg.objectweb.asm.Symbol;                                                     : loaded 2 times (x 69B)
Class org.objectweb.asm.ClassVisitor                                                  : loaded 2 times (x 88B)
Class com.google.common.collect.UnmodifiableListIterator                              : loaded 2 times (x 95B)
Class org.objectweb.asm.MethodTooLargeException                                       : loaded 2 times (x 83B)
Class [Lcom.google.common.cache.CacheBuilder$OneWeigher;                              : loaded 2 times (x 69B)
Class com.google.common.base.Suppliers                                                : loaded 2 times (x 71B)
Class com.google.common.base.Platform$JdkPatternCompiler                              : loaded 2 times (x 75B)
Class org.gradle.internal.classloader.DefaultClassLoaderFactory                       : loaded 2 times (x 82B)
Class com.google.common.base.CharMatcher$None                                         : loaded 2 times (x 112B)
Class org.gradle.internal.classloader.ClassLoaderVisitor                              : loaded 2 times (x 76B)
Class [Lcom.google.common.collect.ImmutableMapEntry;                                  : loaded 2 times (x 69B)
Class org.gradle.api.internal.classpath.EffectiveClassPath                            : loaded 2 times (x 90B)
Class [Lorg.apache.commons.io.StandardLineSeparator;                                  : loaded 2 times (x 69B)
Class org.apache.commons.io.output.StringBuilderWriter                                : loaded 2 times (x 100B)
Class com.google.common.collect.ImmutableRangeSet                                     : loaded 2 times (x 115B)
Class com.google.common.collect.ImmutableEnumMap                                      : loaded 2 times (x 125B)
Class com.google.common.collect.ListMultimap                                          : loaded 2 times (x 70B)
Class com.google.common.collect.Sets$1                                                : loaded 2 times (x 139B)
Class org.objectweb.asm.AnnotationVisitor                                             : loaded 2 times (x 78B)
Class com.google.common.base.Splitter                                                 : loaded 2 times (x 72B)
Class org.gradle.api.internal.DefaultClassPathProvider                                : loaded 2 times (x 76B)
Class com.google.common.collect.Sets$2                                                : loaded 2 times (x 139B)
Class [Lorg.gradle.api.internal.ClassPathProvider;                                    : loaded 2 times (x 69B)
Class org.gradle.api.internal.ClassPathProvider                                       : loaded 2 times (x 70B)
Class [Lorg.objectweb.asm.AnnotationVisitor;                                          : loaded 2 times (x 69B)
Class com.google.common.collect.Sets$3                                                : loaded 2 times (x 139B)
Class com.google.common.cache.LocalCache$LocalLoadingCache                            : loaded 2 times (x 134B)
Class com.google.common.base.AbstractIterator$State                                   : loaded 2 times (x 79B)
Class org.gradle.internal.service.UnknownServiceException                             : loaded 2 times (x 83B)
Class com.google.common.io.ByteArrayDataInput                                         : loaded 2 times (x 70B)
Class com.google.common.collect.Sets$4                                                : loaded 2 times (x 139B)
Class org.objectweb.asm.ModuleVisitor                                                 : loaded 2 times (x 81B)
Class com.google.common.cache.LocalCache$Strength$1                                   : loaded 2 times (x 81B)
Class ijKotlinCoroutineJvmDebugInit1_a7st5spn14idh9pi9uyiatum9$_run_closure1$_closure2: loaded 2 times (x 139B)
Class ijJvmDebugger1_38mkwnzutsk9yqchhvz9ywkb                                         : loaded 2 times (x 171B)
Class org.apache.commons.io.output.QueueOutputStream                                  : loaded 2 times (x 87B)
Class com.google.common.util.concurrent.SettableFuture                                : loaded 2 times (x 114B)
Class com.google.common.cache.LocalCache$Strength$2                                   : loaded 2 times (x 81B)
Class com.google.common.io.ByteStreams                                                : loaded 2 times (x 71B)
Class com.google.common.cache.LocalCache$Strength$3                                   : loaded 2 times (x 81B)
Class com.google.common.collect.MapDifference                                         : loaded 2 times (x 70B)
Class com.google.common.base.Splitter$1                                               : loaded 2 times (x 77B)
Class org.objectweb.asm.FieldWriter                                                   : loaded 2 times (x 78B)
Class com.google.common.cache.CacheBuilder$NullListener                               : loaded 2 times (x 82B)
Class org.gradle.internal.classpath.TransformedClassPath                              : loaded 2 times (x 96B)
Class org.gradle.internal.classloader.InstrumentingClassLoader                        : loaded 2 times (x 70B)
Class org.apache.commons.io.output.UnsynchronizedByteArrayOutputStream                : loaded 2 times (x 102B)
Class com.google.common.collect.ImmutableRangeSet$AsSet                               : loaded 2 times (x 299B)
Class com.google.common.cache.CacheLoader$FunctionToCacheLoader                       : loaded 2 times (x 75B)
Class com.google.common.base.Equivalence$Identity                                     : loaded 2 times (x 82B)
Class com.google.common.collect.ImmutableCollection$Builder                           : loaded 2 times (x 76B)
Class org.apache.commons.io.output.ByteArrayOutputStream                              : loaded 2 times (x 102B)
Class com.google.common.base.Joiner                                                   : loaded 2 times (x 79B)
Class com.google.common.base.MoreObjects                                              : loaded 2 times (x 71B)
Class [Lorg.objectweb.asm.Type;                                                       : loaded 2 times (x 69B)
Class com.google.common.collect.Platform                                              : loaded 2 times (x 71B)
Class com.google.common.collect.UnmodifiableIterator                                  : loaded 2 times (x 80B)
Class org.gradle.internal.service.ServiceLocator                                      : loaded 2 times (x 70B)
Class com.google.common.base.Ascii                                                    : loaded 2 times (x 71B)
Class com.google.common.collect.SingletonImmutableBiMap                               : loaded 2 times (x 143B)
Class com.google.common.cache.LocalCache$1                                            : loaded 2 times (x 89B)
Class com.google.common.collect.AbstractMapEntry                                      : loaded 2 times (x 81B)
Class com.google.common.collect.Sets$ImprovedAbstractSet                              : loaded 2 times (x 135B)
Class com.google.common.collect.ImmutableList$Builder                                 : loaded 2 times (x 77B)
Class com.google.common.cache.LocalCache$2                                            : loaded 2 times (x 142B)
Class com.google.common.collect.AbstractMultimap                                      : loaded 2 times (x 123B)
Class com.google.common.collect.ImmutableRangeSet$1                                   : loaded 2 times (x 209B)
Class com.google.common.collect.RegularImmutableAsList                                : loaded 2 times (x 216B)
Class com.google.common.collect.Range                                                 : loaded 2 times (x 87B)
Class com.google.common.util.concurrent.AbstractFuture$Trusted                        : loaded 2 times (x 70B)
Class com.google.common.collect.Iterators                                             : loaded 2 times (x 71B)
Class com.google.common.util.concurrent.UncheckedExecutionException                   : loaded 2 times (x 82B)
Class com.google.common.collect.Lists$StringAsImmutableList                           : loaded 2 times (x 207B)
Class org.gradle.kotlin.dsl.VersionCatalogAccessorsKt                                 : loaded 2 times (x 71B)
Class com.google.common.collect.AbstractMapBasedMultimap$KeySet$1                     : loaded 2 times (x 82B)
Class org.objectweb.asm.ClassWriter                                                   : loaded 2 times (x 106B)
Class com.google.common.cache.CacheLoader$UnsupportedLoadingOperationException        : loaded 2 times (x 82B)
Class com.google.common.base.CharMatcher$And                                          : loaded 2 times (x 112B)
Class org.gradle.internal.classloader.ClasspathUtil$1                                 : loaded 2 times (x 76B)
Class com.google.common.base.Objects                                                  : loaded 2 times (x 71B)
Class org.objectweb.asm.FieldVisitor                                                  : loaded 2 times (x 77B)
Class com.google.common.collect.IndexedImmutableSet                                   : loaded 2 times (x 150B)
Class com.google.common.collect.ImmutableMap$1                                        : loaded 2 times (x 81B)
Class com.google.common.collect.BiMap                                                 : loaded 2 times (x 70B)
Class org.gradle.api.internal.classpath.DefaultModuleRegistry$DefaultModule           : loaded 2 times (x 86B)
Class com.google.common.primitives.Ints                                               : loaded 2 times (x 71B)
Class com.google.common.collect.AbstractIterator                                      : loaded 2 times (x 82B)
Class com.google.common.math.MathPreconditions                                        : loaded 2 times (x 71B)
Class com.google.common.collect.Multiset                                              : loaded 2 times (x 70B)
Class com.google.common.collect.ArrayListMultimapGwtSerializationDependencies         : loaded 2 times (x 172B)
Class com.google.common.collect.ObjectArrays                                          : loaded 2 times (x 71B)
Class com.google.common.collect.AbstractIndexedListIterator                           : loaded 2 times (x 96B)
Class org.apache.commons.io.output.NullOutputStream                                   : loaded 2 times (x 85B)
Class com.google.common.collect.ImmutableMapEntrySet                                  : loaded 2 times (x 151B)
Class org.gradle.api.internal.classpath.Module                                        : loaded 2 times (x 70B)
Class com.google.common.cache.Weigher                                                 : loaded 2 times (x 70B)
Class org.gradle.api.internal.classpath.UnknownModuleException                        : loaded 2 times (x 82B)
Class com.google.common.base.Stopwatch                                                : loaded 2 times (x 72B)
Class com.google.common.cache.LocalCache$Strength                                     : loaded 2 times (x 81B)
Class com.google.common.cache.Cache                                                   : loaded 2 times (x 70B)
Class com.google.common.util.concurrent.AbstractFuture$Cancellation                   : loaded 2 times (x 72B)
Class com.google.common.collect.ImmutableMap$Builder                                  : loaded 2 times (x 82B)
Class com.google.common.base.NullnessCasts                                            : loaded 2 times (x 71B)
Class com.google.common.cache.RemovalListener                                         : loaded 2 times (x 70B)
Class ijJvmDebugger1_38mkwnzutsk9yqchhvz9ywkb$_run_closure1                           : loaded 2 times (x 139B)
Class org.gradle.api.internal.DefaultClassPathRegistry                                : loaded 2 times (x 76B)
Class com.google.common.primitives.IntsMethodsForWeb                                  : loaded 2 times (x 71B)
Class com.google.common.collect.Multimap                                              : loaded 2 times (x 70B)
Class org.gradle.api.internal.ClassPathRegistry                                       : loaded 2 times (x 70B)
Class org.gradle.internal.classpath.DefaultClassPath$ImmutableUniqueList              : loaded 2 times (x 199B)
Class com.google.common.base.ExtraObjectsMethodsForWeb                                : loaded 2 times (x 71B)
Class org.apache.commons.io.IOUtils                                                   : loaded 2 times (x 71B)
Class com.google.common.collect.Iterators$ArrayItr                                    : loaded 2 times (x 97B)
Class com.google.common.cache.CacheBuilder                                            : loaded 2 times (x 72B)
Class com.google.common.collect.SingletonImmutableList                                : loaded 2 times (x 207B)
Class Settings_gradle$1                                                               : loaded 2 times (x 75B)
Class org.gradle.internal.classpath.ClassPath                                         : loaded 2 times (x 70B)
Class com.google.common.collect.ImmutableList$ReverseImmutableList                    : loaded 2 times (x 208B)
Class com.google.common.base.JdkPattern                                               : loaded 2 times (x 75B)
Class org.objectweb.asm.SymbolTable$Entry                                             : loaded 2 times (x 74B)
Class org.objectweb.asm.Edge                                                          : loaded 2 times (x 72B)
Class com.google.common.base.Suppliers$SupplierOfInstance                             : loaded 2 times (x 79B)
Class com.google.common.collect.Iterators$1                                           : loaded 2 times (x 81B)
Class com.google.common.cache.LocalCache$ComputingValueReference                      : loaded 2 times (x 96B)
Class com.google.common.collect.SingletonImmutableSet                                 : loaded 2 times (x 146B)
Class com.google.common.collect.ImmutableMap$IteratorBasedImmutableMap                : loaded 2 times (x 125B)
Class com.google.common.cache.LocalCache$Segment                                      : loaded 2 times (x 154B)
Class com.google.common.collect.SortedIterable                                        : loaded 2 times (x 70B)
Class [Lorg.objectweb.asm.SymbolTable$Entry;                                          : loaded 2 times (x 69B)
Class com.google.common.cache.CacheLoader                                             : loaded 2 times (x 74B)
Class com.google.common.collect.Iterators$4                                           : loaded 2 times (x 82B)
Class com.google.common.collect.ImmutableBiMap                                        : loaded 2 times (x 143B)
Class com.google.common.collect.AbstractListMultimap                                  : loaded 2 times (x 172B)
Class org.gradle.api.internal.classpath.ModuleRegistry                                : loaded 2 times (x 70B)
Class org.gradle.internal.installation.GradleInstallation$1                           : loaded 2 times (x 75B)
Class org.apache.commons.io.output.NullWriter                                         : loaded 2 times (x 99B)
Class com.google.common.util.concurrent.internal.InternalFutureFailureAccess          : loaded 2 times (x 72B)
Class com.google.common.collect.Iterators$5                                           : loaded 2 times (x 82B)
Class com.google.common.collect.ImmutableSet$JdkBackedSetBuilderImpl                  : loaded 2 times (x 76B)
Class com.google.common.base.Splitter$SplittingIterator                               : loaded 2 times (x 84B)
Class com.google.common.cache.LocalCache$LocalManualCache$1                           : loaded 2 times (x 75B)
Class com.google.common.base.CharMatcher$ForPredicate                                 : loaded 2 times (x 112B)
Class com.google.common.collect.ImmutableCollection                                   : loaded 2 times (x 125B)
Class com.google.common.base.CharMatcher$AnyOf                                        : loaded 2 times (x 112B)
Class org.gradle.api.internal.classpath.DefaultModuleRegistry                         : loaded 2 times (x 86B)
Class com.google.common.util.concurrent.ListenableFuture                              : loaded 2 times (x 70B)
Class com.google.common.cache.ReferenceEntry                                          : loaded 2 times (x 70B)
Class com.google.common.collect.ImmutableSet$CachingAsList                            : loaded 2 times (x 147B)
Class com.google.common.base.Converter                                                : loaded 2 times (x 90B)
Class com.google.common.collect.Lists                                                 : loaded 2 times (x 71B)
Class com.google.common.util.concurrent.AbstractFuture                                : loaded 2 times (x 106B)
Class com.google.common.base.FunctionalEquivalence                                    : loaded 2 times (x 83B)
Class com.google.common.collect.Iterators$9                                           : loaded 2 times (x 81B)
Class com.google.common.collect.AbstractMapBasedMultimap                              : loaded 2 times (x 139B)
Class com.google.common.collect.ImmutableAsList                                       : loaded 2 times (x 209B)
Class org.objectweb.asm.RecordComponentVisitor                                        : loaded 2 times (x 77B)
Class com.google.common.cache.CacheLoader$SupplierToCacheLoader                       : loaded 2 times (x 75B)
Class org.gradle.internal.service.ServiceLookupException                              : loaded 2 times (x 82B)
Class com.google.common.collect.ImmutableSortedSet                                    : loaded 2 times (x 299B)
Class [Lcom.google.common.cache.LocalCache$EntryFactory;                              : loaded 2 times (x 69B)
Class org.gradle.internal.classloader.ClassLoaderFactory                              : loaded 2 times (x 70B)
Class org.apache.commons.io.CloseableURLConnection                                    : loaded 2 times (x 117B)
Class com.google.common.cache.LocalCache$LocalManualCache                             : loaded 2 times (x 99B)
Class com.google.common.base.CharMatcher$IsNot                                        : loaded 2 times (x 111B)
Class com.google.common.base.CommonPattern                                            : loaded 2 times (x 74B)
Class org.gradle.internal.service.CachingServiceLocator                               : loaded 2 times (x 82B)
Class com.google.common.collect.AbstractMapBasedMultimap$KeySet                       : loaded 2 times (x 137B)
Class com.google.common.collect.RegularImmutableSortedSet                             : loaded 2 times (x 299B)
Class com.google.common.math.IntMath                                                  : loaded 2 times (x 71B)
Class com.google.common.collect.ImmutableMapEntry                                     : loaded 2 times (x 85B)
Class com.google.common.base.Equivalence                                              : loaded 2 times (x 82B)
Class com.google.common.collect.ImmutableMapEntry$NonTerminalImmutableMapEntry        : loaded 2 times (x 85B)
Class com.google.common.base.Function                                                 : loaded 2 times (x 70B)
Class org.apache.commons.io.output.AbstractByteArrayOutputStream                      : loaded 2 times (x 102B)
Class com.google.common.cache.CacheBuilder$OneWeigher                                 : loaded 2 times (x 82B)
Class com.google.common.collect.RegularImmutableList                                  : loaded 2 times (x 212B)
Class org.gradle.internal.classloader.ClasspathUtil                                   : loaded 2 times (x 71B)
Class com.google.common.util.concurrent.Uninterruptibles                              : loaded 2 times (x 71B)
Class com.google.common.collect.Maps                                                  : loaded 2 times (x 71B)
Class org.gradle.api.specs.Spec                                                       : loaded 2 times (x 70B)
Class [Lcom.google.common.collect.ImmutableEntry;                                     : loaded 2 times (x 69B)
Class com.google.common.cache.LocalCache$LoadingValueReference                        : loaded 2 times (x 96B)
Class com.google.common.base.Platform                                                 : loaded 2 times (x 71B)
Class [Lorg.objectweb.asm.AnnotationWriter;                                           : loaded 2 times (x 69B)
Class com.google.common.collect.Maps$8                                                : loaded 2 times (x 82B)
Class com.google.common.collect.ImmutableRangeSet$Builder                             : loaded 2 times (x 77B)
Class com.google.common.collect.Sets$SetView                                          : loaded 2 times (x 138B)
Class com.google.common.cache.LocalCache$StrongValueReference                         : loaded 2 times (x 90B)
Class org.objectweb.asm.Type                                                          : loaded 2 times (x 72B)
Class org.gradle.internal.classloader.VisitableURLClassLoader$InstrumentingVisitableURLClassLoader: loaded 2 times (x 123B)
Class org.objectweb.asm.ByteVector                                                    : loaded 2 times (x 79B)
Class [Lcom.google.common.cache.CacheBuilder$NullListener;                            : loaded 2 times (x 69B)
Class com.google.common.math.IntMath$1                                                : loaded 2 times (x 71B)
Class org.gradle.internal.classloader.VisitableURLClassLoader$Spec                    : loaded 2 times (x 74B)
Class org.gradle.internal.classpath.DefaultClassPath                                  : loaded 2 times (x 90B)
Class org.objectweb.asm.Symbol                                                        : loaded 2 times (x 73B)
Class com.google.common.base.AbstractIterator                                         : loaded 2 times (x 80B)
Class com.google.common.io.Closer                                                     : loaded 2 times (x 78B)
Class com.google.common.collect.RegularImmutableMap$Values                            : loaded 2 times (x 207B)
Class com.google.common.collect.ImmutableSet                                          : loaded 2 times (x 145B)
Class com.google.common.base.CharMatcher$BitSetMatcher                                : loaded 2 times (x 112B)
Class org.gradle.internal.classloader.ClassLoaderSpec                                 : loaded 2 times (x 71B)
Class org.objectweb.asm.AnnotationWriter                                              : loaded 2 times (x 79B)
Class com.google.common.cache.CacheStats                                              : loaded 2 times (x 71B)
Class com.google.common.io.Closer$Suppressor                                          : loaded 2 times (x 70B)
Class org.objectweb.asm.RecordComponentWriter                                         : loaded 2 times (x 78B)
Class com.google.common.util.concurrent.AbstractFuture$Listener                       : loaded 2 times (x 72B)
Class com.google.common.base.CharMatcher$Or                                           : loaded 2 times (x 112B)
Class Settings_gradle$1$1                                                             : loaded 2 times (x 75B)
Class org.objectweb.asm.Attribute                                                     : loaded 2 times (x 77B)
Class com.google.common.base.Supplier                                                 : loaded 2 times (x 70B)
Class org.gradle.internal.classloader.VisitableURLClassLoader                         : loaded 2 times (x 117B)
Class Settings_gradle                                                                 : loaded 2 times (x 124B)
Class org.gradle.internal.Cast                                                        : loaded 2 times (x 71B)
Class org.gradle.api.Action                                                           : loaded 2 times (x 70B)
Class com.google.common.collect.Sets                                                  : loaded 2 times (x 71B)
Class org.objectweb.asm.Handler                                                       : loaded 2 times (x 72B)
Class com.google.common.base.Ticker                                                   : loaded 2 times (x 72B)
Class com.google.common.base.Strings                                                  : loaded 2 times (x 71B)
Class com.google.common.base.CharMatcher$FastMatcher                                  : loaded 2 times (x 111B)
Class [Lcom.google.common.cache.LocalCache$Segment;                                   : loaded 2 times (x 69B)
Class [Lcom.google.common.cache.LocalCache$Strength;                                  : loaded 2 times (x 69B)
Class com.google.common.cache.CacheBuilder$1                                          : loaded 2 times (x 85B)
Class com.google.common.collect.ImmutableMap                                          : loaded 2 times (x 120B)
Class com.google.common.base.Predicate                                                : loaded 2 times (x 70B)
Class org.gradle.internal.classpath.DefaultClassPath$ImmutableUniqueList$Builder      : loaded 2 times (x 75B)
Class com.google.common.collect.AbstractRangeSet                                      : loaded 2 times (x 114B)
Class com.google.common.cache.LocalCache                                              : loaded 2 times (x 187B)
Class com.google.common.cache.CacheBuilder$2                                          : loaded 2 times (x 72B)
Class com.google.common.base.CharMatcher$NegatedFastMatcher                           : loaded 2 times (x 113B)
Class [Lcom.google.common.collect.AbstractMapEntry;                                   : loaded 2 times (x 69B)
Class com.google.common.collect.ImmutableEntry                                        : loaded 2 times (x 82B)
Class com.google.common.collect.ArrayListMultimap                                     : loaded 2 times (x 172B)
Class org.gradle.api.GradleException                                                  : loaded 2 times (x 82B)
Class com.google.common.base.Suppliers$MemoizingSupplier                              : loaded 2 times (x 79B)
Class org.apache.commons.io.StandardLineSeparator                                     : loaded 2 times (x 79B)
Class com.google.common.collect.CollectPreconditions                                  : loaded 2 times (x 71B)
Class com.google.common.collect.SortedMapDifference                                   : loaded 2 times (x 70B)
Class com.google.common.cache.LocalCache$EntryFactory                                 : loaded 2 times (x 83B)
Class com.google.common.cache.LocalCache$AbstractReferenceEntry                       : loaded 2 times (x 107B)
Class com.google.common.base.CharMatcher$Whitespace                                   : loaded 2 times (x 112B)
Class org.gradle.internal.IoActions                                                   : loaded 2 times (x 71B)
Class com.google.common.collect.ImmutableRangeSet$ComplementRanges                    : loaded 2 times (x 207B)
Class org.objectweb.asm.SymbolTable                                                   : loaded 2 times (x 72B)
Class com.google.common.cache.CacheLoader$InvalidCacheLoadException                   : loaded 2 times (x 82B)
Class com.google.common.collect.ImmutableSet$RegularSetBuilderImpl                    : loaded 2 times (x 77B)
Class org.gradle.internal.classloader.SystemClassLoaderSpec                           : loaded 2 times (x 71B)
Class com.google.common.cache.LocalCache$StrongEntry                                  : loaded 2 times (x 108B)
Class com.google.common.util.concurrent.AbstractFuture$TrustedFuture                  : loaded 2 times (x 114B)
Class com.google.common.cache.LoadingCache                                            : loaded 2 times (x 70B)
Class ijKotlinCoroutineJvmDebugInit1_a7st5spn14idh9pi9uyiatum9                        : loaded 2 times (x 171B)
Class com.google.common.io.ByteStreams$LimitedInputStream                             : loaded 2 times (x 92B)
Class com.google.common.base.Suppliers$NonSerializableMemoizingSupplier               : loaded 2 times (x 79B)
Class org.objectweb.asm.MethodWriter                                                  : loaded 2 times (x 106B)
Class [Lcom.google.common.cache.Weigher;                                              : loaded 2 times (x 69B)
Class com.google.common.collect.RegularImmutableMap$BucketOverflowException           : loaded 2 times (x 82B)
Class com.google.common.collect.RegularImmutableBiMap                                 : loaded 2 times (x 148B)
Class com.google.common.cache.LocalCache$ValueReference                               : loaded 2 times (x 70B)
Class com.google.common.base.CharMatcher$Negated                                      : loaded 2 times (x 113B)
Class com.google.common.base.CharMatcher$Is                                           : loaded 2 times (x 111B)
Class com.google.common.util.concurrent.AbstractFuture$Failure                        : loaded 2 times (x 72B)
Class com.google.common.base.Equivalence$Equals                                       : loaded 2 times (x 82B)
Class com.google.common.collect.Hashing                                               : loaded 2 times (x 71B)
Class com.google.common.base.PatternCompiler                                          : loaded 2 times (x 70B)
Class com.google.common.base.Preconditions                                            : loaded 2 times (x 71B)
Class com.google.common.base.Joiner$1                                                 : loaded 2 times (x 80B)
Class org.objectweb.asm.Label                                                         : loaded 2 times (x 73B)
Class org.objectweb.asm.CurrentFrame                                                  : loaded 2 times (x 73B)
Class org.objectweb.asm.ClassTooLargeException                                        : loaded 2 times (x 83B)
Class com.google.common.collect.PeekingIterator                                       : loaded 2 times (x 70B)
Class com.google.common.base.CharMatcher                                              : loaded 2 times (x 111B)
Class com.google.common.collect.RangeGwtSerializationDependencies                     : loaded 2 times (x 71B)
Class com.google.common.base.Joiner$2                                                 : loaded 2 times (x 79B)
Class org.objectweb.asm.Frame                                                         : loaded 2 times (x 73B)
Class org.objectweb.asm.MethodVisitor                                                 : loaded 2 times (x 105B)
Class com.google.common.cache.LocalCache$EntryFactory$1                               : loaded 2 times (x 83B)
Class [Lcom.google.common.cache.RemovalListener;                                      : loaded 2 times (x 69B)
Class com.google.common.base.CharMatcher$1                                            : loaded 2 times (x 113B)
Class com.google.common.base.CharMatcher$NamedFastMatcher                             : loaded 2 times (x 112B)
Class com.google.common.collect.RangeSet                                              : loaded 2 times (x 70B)
Class com.google.common.cache.LocalCache$EntryFactory$2                               : loaded 2 times (x 83B)
Class org.gradle.api.internal.classpath.GlobalCacheRootsProvider                      : loaded 2 times (x 70B)
Class com.google.common.collect.CollectCollectors                                     : loaded 2 times (x 71B)
Class org.objectweb.asm.ModuleWriter                                                  : loaded 2 times (x 82B)
Class com.google.common.cache.LocalCache$EntryFactory$3                               : loaded 2 times (x 83B)
Class com.google.common.base.Ticker$1                                                 : loaded 2 times (x 72B)
Class com.google.common.collect.ImmutableMapEntrySet$RegularEntrySet                  : loaded 2 times (x 151B)
Class com.google.common.collect.Maps$BiMapConverter                                   : loaded 2 times (x 90B)
Class com.google.common.cache.LocalCache$EntryFactory$4                               : loaded 2 times (x 83B)
Class com.google.common.collect.ImmutableSet$Builder                                  : loaded 2 times (x 85B)
Class com.google.common.base.CharMatcher$InRange                                      : loaded 2 times (x 111B)
Class Settings_gradle$1$1$1                                                           : loaded 2 times (x 75B)
Class com.google.common.io.ByteStreams$1                                              : loaded 2 times (x 85B)
Class com.google.common.cache.LocalCache$EntryFactory$5                               : loaded 2 times (x 83B)
Class com.google.common.base.PairwiseEquivalence                                      : loaded 2 times (x 83B)
Class org.apache.commons.io.output.AppendableWriter                                   : loaded 2 times (x 100B)
Class com.google.common.cache.LocalCache$EntryFactory$6                               : loaded 2 times (x 83B)
Class org.gradle.internal.installation.CurrentGradleInstallationLocator               : loaded 2 times (x 71B)
Class org.apache.commons.io.output.ThresholdingOutputStream                           : loaded 2 times (x 94B)
Class com.google.common.collect.Maps$KeySet                                           : loaded 2 times (x 137B)
Class com.google.common.cache.LocalCache$EntryFactory$7                               : loaded 2 times (x 83B)
Class com.google.common.collect.ImmutableSet$EmptySetBuilderImpl                      : loaded 2 times (x 76B)
Class com.google.common.collect.ImmutableList                                         : loaded 2 times (x 206B)
Class org.gradle.internal.service.DefaultServiceLocator                               : loaded 2 times (x 83B)
Class com.google.common.cache.LocalCache$EntryFactory$8                               : loaded 2 times (x 83B)
Class com.google.common.collect.ImmutableSet$SetBuilderImpl                           : loaded 2 times (x 76B)
Class org.gradle.internal.installation.CurrentGradleInstallation                      : loaded 2 times (x 73B)
Class com.google.common.cache.CacheLoader$1                                           : loaded 2 times (x 75B)
Class com.google.common.collect.ForwardingObject                                      : loaded 2 times (x 72B)
Class com.google.common.collect.ImmutableList$SubList                                 : loaded 2 times (x 208B)
Class ijJvmDebugger1_38mkwnzutsk9yqchhvz9ywkb$_run_closure1$_closure2                 : loaded 2 times (x 140B)
Class org.gradle.util.internal.GUtil                                                  : loaded 2 times (x 71B)
Class com.google.common.cache.AbstractCache$StatsCounter                              : loaded 2 times (x 70B)
Class com.google.common.collect.Iterators$MergingIterator                             : loaded 2 times (x 81B)
Class com.google.common.collect.RegularImmutableSet                                   : loaded 2 times (x 148B)
Class org.gradle.internal.installation.GradleInstallation                             : loaded 2 times (x 75B)
Class com.google.common.collect.Iterables                                             : loaded 2 times (x 71B)
Class com.google.common.base.Splitter$Strategy                                        : loaded 2 times (x 70B)

---------------  S Y S T E M  ---------------

OS:
 Windows 11 , 64 bit Build 26100 (10.0.26100.8328)
OS uptime: 9 days 10:46 hours
Hyper-V role detected

CPU: total 8 (initial active 8) (8 cores per cpu, 2 threads per core) family 23 model 160 stepping 0 microcode 0x8a00006, cx8, cmov, fxsr, ht, mmx, 3dnowpref, sse, sse2, sse3, ssse3, sse4a, sse4.1, sse4.2, popcnt, lzcnt, tsc, tscinvbit, avx, avx2, aes, clmul, bmi1, bmi2, adx, sha, fma, vzeroupper, clflush, clflushopt, hv, rdtscp, rdpid, f16c
Processor Information for the first 8 processors :
  Max Mhz: 2401, Current Mhz: 2401, Mhz Limit: 2401

Memory: 4k page, system-wide physical 5877M (232M free)
TotalPageFile size 24309M (AvailPageFile size 193M)
current process WorkingSet (physical memory assigned to process): 317M, peak: 455M
current process commit charge ("private bytes"): 803M, peak: 1004M

vm_info: OpenJDK 64-Bit Server VM (21.0.9+-14649483-b1163.86) for windows-amd64 JRE (21.0.9+-14649483-b1163.86), built on 2025-12-30T22:08:35Z by "builder" with MS VC++ 16.10 / 16.11 (VS2019)

END.
